,0
0,LOC102723897
1,NOC2L
2,AGRN
3,TNFRSF4
4,SCNN1D
5,TAS1R3
6,MXRA8
7,CCNL2
8,MRPL20
9,ANKRD65
10,MIB2
11,MMP23B
12,CDK11A
13,NADK
14,KIAA1751
15,PEX10
16,PLCH2
17,PANK4
18,MMEL1
19,TTC34
20,PRDM16
21,TPRG1L
22,CEP104
23,DFFB
24,KCNAB2
25,CHD5
26,RNF207
27,HES3
28,PLEKHG5
29,TAS1R1
30,THAP3
31,SLC45A1
32,CA6
33,SLC2A7
34,SLC2A5
35,H6PD
36,TMEM201
37,PIK3CD
38,UBE4B
39,KIF1B
40,C1orf127
41,MASP2
42,FBXO44
43,CLCN6
44,KIAA2013
45,TNFRSF8
46,TNFRSF1B
47,VPS13D
48,AADACL3
49,HNRNPCL1
50,LOC649330
51,HNRNPCP5
52,PRAMEF19
53,PRAMEF17
54,PRDM2
55,KAZN
56,TMEM51-AS1
57,TMEM51
58,CTRC
59,CELA2A
60,CELA2B
61,DNAJC16
62,AGMAT
63,SPEN
64,ARHGEF19
65,SPATA21
66,CROCCP3
67,CROCC
68,ATP13A2
69,SDHB
70,PADI2
71,PADI3
72,PADI4
73,ARHGEF10L
74,ACTL8
75,TAS1R2
76,ALDH4A1
77,UBR4
78,LOC101927895
79,EMC1
80,MRTO4
81,AKR7A2
82,VWA5B1
83,PINK1
84,PINK1-AS
85,DDOST
86,KIF17
87,EIF4G3
88,ECE1
89,RAP1GAP
90,LDLRAD2
91,HSPG2
92,ZBTB40
93,C1QC
94,C1QB
95,EPHB2
96,LACTBL1
97,LUZP1
98,ASAP3
99,LYPLA2
100,GALE
101,FUCA1
102,CNR2
103,MYOM3
104,GRHL3
105,STPG1
106,NIPAL3
107,CLIC4
108,LDLRAP1
109,PAQR7
110,ZNF593
111,CNKSR1
112,CATSPER4
113,AIM1L
114,ZNF683
115,LIN28A
116,DHDDS
117,MIR1976
118,RPS6KA1
119,ARID1A
120,GPATCH3
121,SLC9A1
122,MAP3K6
123,GPR3
124,AHDC1
125,THEMIS2
126,SMPDL3B
127,RCC1
128,EPB41
129,PTPRU
130,MATN1
131,TINAGL1
132,PEF1
133,COL16A1
134,BAI2
135,SPOCD1
136,KHDRBS1
137,TXLNA
138,CCDC28B
139,TMEM234
140,KIAA1522
141,FNDC5
142,TMEM54
143,AK2
144,PHC2
145,CSMD2
146,DLGAP3
147,SFPQ
148,NCDN
149,CLSPN
150,AGO1
151,AGO3
152,TEKT2
153,COL8A2
154,MAP7D1
155,SH3D21
156,OSCP1
157,CSF3R
158,GRIK3
159,CDCA8
160,YRDC
161,C1orf122
162,SF3A3
163,FHL3
164,AKIRIN1
165,MACF1
166,HPCAL4
167,PPIE
168,MFSD2A
169,COL9A2
170,SMAP2
171,NFYC
172,CITED4
173,SCMH1
174,HIVEP3
175,RIMKLA
176,ZMYND12
177,ERMAP
178,LOC339539
179,SLC2A1
180,WDR65
181,TMEM125
182,TIE1
183,MPL
184,MED8
185,SZT2
186,HYI
187,PTPRF
188,KDM4A
189,ST3GAL3
190,SLC6A9
191,ERI3
192,RNF220
193,BEST4
194,PLK3
195,BTBD19
196,PTCH2
197,HECTD3
198,TESK2
199,NSUN4
200,FAAH
201,MKNK1
202,TEX38
203,SLC5A9
204,SPATA6
205,DMRTA2
206,CDKN2C
207,EPS15
208,CC2D1B
209,ZCCHC11
210,ZYG11B
211,SCP2
212,SLC1A7
213,CPT2
214,GLIS1
215,SSBP3
216,ACOT11
217,PCSK9
218,C8B
219,C1orf87
220,KANK4
221,PGM1
222,CACHD1
223,JAK1
224,SLC35D1
225,SERBP1
226,LOC101929986
227,SLC44A5
228,RABGGTB
229,USP33
230,LPHN2
231,MCOLN3
232,CYR61
233,ZNHIT6
234,ODF2L
235,CLCA4
236,GTF2B
237,GBP6
238,GBP1P1
239,LRRC8C
240,HFM1
241,TGFBR3
242,KIAA1107
243,EVI5
244,MTF2
245,SLC44A3
246,DPYD
247,PALMD
248,SASS6
249,CDC14A
250,GPR88
251,LOC100129138
252,KIAA1324
253,SARS
254,CELSR2
255,SYPL2
256,ATXN7L2
257,GPR61
258,GSTM4
259,GSTM2
260,GSTM1
261,CSF1
262,AHCYL1
263,ALX3
264,SLC6A17
265,RBM15
266,OVGP1
267,WDR77
268,FAM212B
269,MOV10
270,RHOC
271,PPM1J
272,AKR7A2P1
273,MAGI3
274,PHTF1
275,NGF
276,SLC22A15
277,ATP1A1
278,CD58
279,IGSF3
280,CD101
281,TTF2
282,TRIM45
283,HAO2
284,HSD3B2
285,HSD3B1
286,HSD3BP4
287,PHGDH
288,ADAM30
289,NBPF8
290,LOC100996721
291,FCGR1B
292,FCGR1C
293,POLR3C
294,PIAS3
295,ITGA10
296,PEX11B
297,LIX1L
298,HFE2
299,NOTCH2NL
300,FMO5
301,CHD1L
302,PDE4DIP
303,LOC100996717
304,FCGR1A
305,HIST2H4A
306,HIST2H2AA3
307,HIST2H4B
308,SV2A
309,SF3B4
310,MTMR11
311,APH1A
312,C1orf51
313,TARS2
314,ECM1
315,MCL1
316,ENSA
317,PRUNE
318,GABPB2
319,SEMA6C
320,ZNF687
321,PI4KB
322,SELENBP1
323,TCHH
324,RPTN
325,HRNR
326,FLG
327,CRNN
328,S100A7L2
329,S100A16
330,INTS3
331,DENND4B
332,CRTC2
333,JTB
334,TPM3
335,UBAP2L
336,ATP8B2
337,SHE
338,TDRD10
339,UBE2Q1
340,ADAR
341,PBXIP1
342,SHC1
343,ZBTB7B
344,DCST2
345,ADAM15
346,EFNA4
347,RP11-307C12.11
348,EFNA1
349,KRTCAP2
350,MUC1
351,THBS3
352,MSTO2P
353,GON4L
354,RIT1
355,RXFP4
356,ARHGEF2
357,UBQLN4
358,RAB25
359,SEMA4A
360,PMF1
361,SMG5
362,CCT3
363,RHBG
364,MEF2D
365,IQGAP3
366,TTC24
367,APOA1BP
368,HAPLN2
369,NES
370,ISG20L2
371,INSRR
372,PEAR1
373,ARHGEF11
374,ETV3
375,FCRL5
376,FCRL3
377,CD5L
378,KIRREL
379,CD1C
380,CD1E
381,OR10Z1
382,SPTA1
383,OR6K2
384,LOC100131825
385,CADM3
386,SLAMF8
387,C1orf204
388,CCDC19
389,TAGLN2
390,ATP1A2
391,PEA15
392,DCAF8
393,VANGL2
394,CD48
395,SLAMF7
396,ITLN1
397,F11R
398,PPOX
399,ADAMTS4
400,ATF6
401,NOS1AP
402,DDR2
403,C1orf110
404,MGST3
405,POGK
406,GPA33
407,DUSP27
408,CD247
409,RCSD1
410,ADCY10
411,TBX19
412,SLC19A2
413,SELE
414,PRRC2C
415,MYOC
416,SLC9C2
417,ZBTB37
418,TNR
419,PAPPA2
420,ASTN1
421,BRINP2
422,RASAL2
423,RALGPS2
424,FAM20B
425,ABL2
426,AXDND1
427,FAM163A
428,TOR1AIP2
429,TOR1AIP1
430,QSOX1
431,CACNA1E
432,ZNF648
433,RGSL1
434,RGS16
435,NPL
436,LAMC1
437,LAMC2
438,NCF2
439,RGL1
440,COLGALT2
441,EDEM3
442,RNF2
443,C1orf27
444,CDC73
445,KCNT2
446,CFH
447,ASPM
448,FLJ43585
449,CAMSAP2
450,GPR25
451,C1orf106
452,KIF21B
453,CACNA1S
454,IGFN1
455,CSRP1
456,IPO9
457,RNPEP
458,PTPN7
459,UBE2T
460,PPP1R12B
461,RP11-480I12.7
462,TMEM183A
463,PPFIA4
464,CHIT1
465,PRELP
466,ATP2B4
467,ZBED6
468,ETNK2
469,REN
470,PLEKHA6
471,PIK3C2B
472,LRRN2
473,NFASC
474,CNTN2
475,RBBP5
476,TMCC2
477,SLC41A1
478,LOC101059976
479,SLC26A9
480,CTSE
481,SRGAP2
482,MIR6769B
483,EIF2D
484,IL10
485,IL20
486,FCAMR
487,C1orf116
488,PFKFB2
489,C4BPB
490,CR2
491,CAMK1G
492,LAMB3
493,TRAF3IP3
494,SERTAD4
495,NSL1
496,ANGEL2
497,PROX1
498,SMYD2
499,PTPN14
500,CENPF
501,USH2A
502,ESRRG
503,LYPLAL1
504,RAB3GAP2
505,AIDA
506,DISP1
507,TLR5
508,SUSD4
509,WDR26
510,LOC101928291
511,EPHX1
512,TMEM63A
513,PYCR2
514,LEFTY2
515,PARP1
516,C1orf95
517,ITPKB
518,PSEN2
519,CDC42BPA
520,PRSS38
521,WNT9A
522,OBSCN
523,TRIM11
524,NUP133
525,URB2
526,CAPN9
527,TTC13
528,C1orf131
529,DISC1
530,SIPA1L2
531,PCNXL2
532,LYST
533,NID1
534,ACTN2
535,MTR
536,RYR2
537,ZP4
538,FMN2
539,EXO1
540,MAP1LC3C
541,PLD5
542,RP11-261C10.3
543,SMYD3
544,LOC149134
545,ZNF695
546,NLRP3
547,OR2B11
548,OR2L8
549,OR2L3
550,OR2L13
551,SH3YL1
552,TPO
553,MYT1L
554,RNF144A
555,ASAP2
556,IAH1
557,TAF1B
558,CYS1
559,PDIA6
560,GREB1
561,DDX1
562,VSNL1
563,SMC6
564,PUM2
565,GDF7
566,APOB
567,MFSD2B
568,FAM228A
569,ITSN2
570,CENPO
571,ADCY3
572,DNMT3A
573,ASXL2
574,KIF3C
575,GAREML
576,GPR113
577,DRC1
578,MAPRE3
579,TMEM214
580,CGREF1
581,ABHD1
582,TCF23
583,SLC5A6
584,ATRAID
585,CAD
586,AC109828.1
587,GTF3C2
588,IFT172
589,GCKR
590,C2orf16
591,ZNF512
592,CCDC121
593,GPN1
594,RBKS
595,AC093690.1
596,WDR43
597,FAM179A
598,C2orf71
599,CAPN13
600,CAPN14
601,SLC30A6
602,YIPF4
603,LTBP1
604,RASGRP3
605,CEBPZ
606,PRKD3
607,ATL2
608,SRSF7
609,SLC8A1
610,PLEKHH2
611,ABCG8
612,SRBD1
613,TTC7A
614,MSH2
615,KCNK12
616,MSH6
617,NRXN1
618,PSME4
619,TSPYL6
620,SPTBN1
621,EML6
622,CCDC104
623,SMEK2
624,VRK2
625,PAPOLG
626,USP34
627,B3GNT2
628,CEP68
629,SPRED2
630,MEIS1-AS3
631,MEIS1
632,PLEK
633,APLF
634,PROKR1
635,AAK1
636,GMCL1
637,PCYOX1
638,MPHOSPH10
639,DYSF
640,SPR
641,SMYD5
642,CCT7
643,FBXO41
644,ALMS1
645,DUSP11
646,C2orf78
647,ACTG2
648,DGUOK
649,SLC4A5
650,DCTN1
651,TTC31
652,DQX1
653,HTRA2
654,DOK1
655,SEMA4F
656,HK2
657,EVA1A
658,LRRTM4
659,SUCLG1
660,DNAH6
661,TGOLN2
662,SFTPB
663,ATOH8
664,POLR1A
665,CD8B
666,RGPD1
667,LOC285074
668,RGPD2
669,SMYD1
670,FABP1
671,LOC100509620
672,MRPS5
673,GPAT2
674,ASTL
675,CIAO1
676,KANSL3
677,FER1L5
678,CNNM4
679,ANKRD23
680,SEMA4C
681,FAM178B
682,FAHD2B
683,INPP4A
684,MGAT4A
685,KIAA1211L
686,NMS
687,MAP4K4
688,IL18RAP
689,POU3F3
690,UXS1
691,RGPD3
692,SLC5A7
693,SULT1C2
694,RANBP2
695,SH3RF3
696,SH3RF3-AS1
697,SOWAHC
698,ANAPC1
699,MERTK
700,FBLN7
701,CKAP2L
702,IL36G
703,IL36RN
704,PSD4
705,PAX8
706,PAX8-AS1
707,CBWD2
708,WASH2P
709,RABL2A
710,EN1
711,MARCO
712,STEAP3
713,SCTR
714,TMEM185B
715,CLASP1
716,GYPC
717,BIN1
718,PROC
719,MYO7B
720,LIMS2
721,WDR33
722,LOC101928657
723,POTEF
724,SMPD4
725,MZT2B
726,IMP4
727,POTEI
728,POTEJ
729,ARHGEF4
730,POTEE
731,MZT2A
732,POTEKP
733,NCKAP5
734,ACMSD
735,LRP1B
736,GTDC1
737,MBD5
738,KIF5C
739,LYPD6
740,NEB
741,ACVR1
742,PKP4
743,TANC1
744,BAZ2B
745,KCNH7
746,GRB14
747,SCN3A
748,SCN2A
749,TTC21B
750,SCN1A
751,SCN9A
752,ABCB11
753,ITGA6
754,CDCA7
755,EVX2
756,OSBPL6
757,DFNB59
758,PLEKHA3
759,TTN-AS1
760,TTN
761,ZNF385B
762,PPP1R1C
763,FSIP2
764,CALCRL
765,GULP1
766,COL3A1
767,ASNSD1
768,ANKAR
769,MYO1B
770,DNAH7
771,PGAP1
772,HSPD1
773,PLCL1
774,C2orf69
775,SPATS2L
776,FAM126B
777,CFLAR
778,CASP8
779,STRADB
780,CDK15
781,LOC100652824
782,RAPH1
783,PARD3B
784,KLF7
785,FZD5
786,CRYGD
787,UNC80
788,CPS1
789,PECR
790,TNS1
791,SLC11A1
792,PLCD4
793,ZNF142
794,STK36
795,TTLL4
796,CYP27A1
797,PRKAG3
798,CCDC108
799,IHH
800,NHEJ1
801,CNPPD1
802,ABCB6
803,DNPEP
804,DES
805,SPEG
806,STK11IP
807,PAX3
808,ACSL3
809,NYAP2
810,RHBDD1
811,COL4A4
812,COL4A3
813,TRIP12
814,SP140L
815,SP100
816,SPATA3
817,ARMC9
818,COPS7B
819,DIS3L2
820,ALPP
821,ALPPL2
822,ALPI
823,ECEL1
824,PRSS56
825,CHRNG
826,GIGYF2
827,NGEF
828,ATG16L1
829,DGKD
830,USP40
831,AGAP1
832,COL6A3
833,UBE2F
834,PER2
835,TRAF3IP1
836,ASB1
837,HDAC4
838,OR6B2
839,PRR21
840,OR6B3
841,PP14571
842,ANKMY1
843,CAPN10
844,AC011298.2
845,KIF1A
846,LOC728763
847,PASK
848,ANO7
849,HDLBP
850,LOC101927509
851,FARP2
852,ATG4B
853,GAL3ST2
854,LMCD1
855,SSUH2
856,SRGAP3
857,CAMK1
858,TADA3
859,ARPC4
860,TTLL3
861,IL17RE
862,IL17RC
863,IRAK2
864,GHRL
865,SEC13
866,ATP2B2
867,SLC6A11
868,HRH1
869,SYN2
870,TSEN2
871,RAF1
872,CAND2
873,IQSEC1
874,NUP210
875,HDAC11
876,FBLN2
877,XPC
878,SLC6A6
879,GRIP2
880,C3orf20
881,BTD
882,GALNT15
883,OXNAD1
884,TBC1D5
885,KCNH8
886,VENTXP7
887,THRB
888,NGLY1
889,DYNC1LI1
890,CNOT10
891,CLASP2
892,ARPP21
893,DCLK3
894,TRANK1
895,MLH1
896,CTDSPL
897,ACAA1
898,SLC22A14
899,ACVR2B
900,SCN5A
901,SCN10A
902,SCN11A
903,GORASP1
904,TTC21A
905,XIRP1
906,CX3CR1
907,SLC25A38
908,MYRIP
909,ENTPD3
910,RPL14
911,ZNF620
912,TRAK1
913,SEC22C
914,NKTR
915,ZBTB47
916,FAM198A
917,ANO10
918,ABHD5
919,ZNF35
920,KIF15
921,ZDHHC3
922,CLEC3B
923,CDCP1
924,FYCO1
925,LTF
926,ALS2CL
927,PRSS50
928,PRSS46
929,NBEAL2
930,SETD2
931,PTPN23
932,SCAP
933,MAP4
934,ZNF589
935,NME6
936,PLXNB1
937,SHISA5
938,PFKFB4
939,COL7A1
940,UQCRC1
941,SLC26A6
942,CELSR3
943,ARIH2
944,WDR6
945,DALRD3
946,QRICH1
947,QARS
948,USP19
949,LAMB2
950,CCDC71
951,BSN
952,RNF123
953,CDHR4
954,UBA7
955,TRAIP
956,CAMKV
957,MST1R
958,SEMA3B
959,IFRD2
960,HEMK1
961,VPRBP
962,LOC102723610
963,RAD54L2
964,IQCF2
965,PARP3
966,GPR62
967,LOC101929702
968,DUSP7
969,ALAS1
970,PPM1M
971,DNAH1
972,BAP1
973,SEMA3G
974,TNNC1
975,NISCH
976,STAB1
977,PBRM1
978,ITIH1
979,ITIH3
980,ITIH4
981,SFMBT1
982,RFT1
983,PRKCD
984,CACNA1D
985,LRTM1
986,CCDC66
987,ARHGEF3
988,HESX1
989,DENND6A
990,FLNB
991,FAM107A
992,PTPRG
993,FEZF2
994,CADPS
995,ATXN7
996,PRICKLE2
997,MAGI1
998,LRIG1
999,FAM19A4
1000,TMF1
1001,FAM86DP
1002,LOC100996350
1003,ROBO2
1004,ROBO1
1005,CADM2
1006,LOC101930420
1007,NIT2
1008,TOMM70A
1009,ABI3BP
1010,IMPG2
1011,NXPE3
1012,NFKBIZ
1013,CBLB
1014,MYH15
1015,ZBED2
1016,PHLDB2
1017,GTPBP8
1018,BOC
1019,WDR52
1020,SIDT1
1021,KIAA2018
1022,ATP6V1A
1023,DRD3
1024,ZBTB20
1025,GAP43
1026,C3orf30
1027,B4GALT4
1028,ARHGAP31
1029,POPDC2
1030,NR1I2
1031,GOLGB1
1032,CASR
1033,KPNA1
1034,PARP15
1035,SEMA5B
1036,ADCY5
1037,ITGB5
1038,HEG1
1039,SLC12A8
1040,OSBPL11
1041,SLC41A3
1042,ALDH1L1
1043,ALDH1L1-AS2
1044,UROC1
1045,TXNRD3
1046,CHCHD6
1047,PLXNA1
1048,C3orf56
1049,TPRA1
1050,MCM2
1051,SEC61A1
1052,EEFSEC
1053,DNAJB8
1054,GATA2
1055,ACAD9
1056,GP9
1057,RAB43
1058,COPG1
1059,EFCAB12
1060,RHO
1061,H1FOO
1062,PLXND1
1063,TMCC1
1064,FAM86HP
1065,COL6A6
1066,PIK3R4
1067,MRPL3
1068,TF
1069,SLCO2A1
1070,CEP63
1071,KY
1072,EPHB1
1073,STAG1
1074,PIK3CB
1075,GRK7
1076,XRN1
1077,ATR
1078,U2SURP
1079,ZIC4
1080,CPA3
1081,GYG1
1082,TM4SF1
1083,TSC22D2
1084,SERP1
1085,GPR171
1086,P2RY13
1087,IGSF10
1088,ARHGEF26
1089,MME
1090,SHOX2
1091,IL12A
1092,SMC4
1093,SI
1094,MECOM
1095,ACTRT3
1096,SKIL
1097,SLC7A14
1098,TNFSF10
1099,ZMAT3
1100,ZNF639
1101,DNAJC19
1102,KLHL6
1103,ABCC5
1104,DVL3
1105,AP2M1
1106,ABCF3
1107,VWA5B2
1108,ECE2
1109,CLCN2
1110,CHRD
1111,MAGEF1
1112,MAP3K13
1113,IGF2BP2
1114,ADIPOQ
1115,ADIPOQ-AS1
1116,BCL6
1117,TP63
1118,LEPREL1
1119,GMNC
1120,XXYLT1
1121,APOD
1122,SDHAP2
1123,MUC4
1124,TNK2
1125,SDHAP1
1126,ZDHHC19
1127,PAK2
1128,PIGZ
1129,MFI2
1130,LRCH3
1131,IQCG
1132,ZNF595
1133,PIGG
1134,MFSD7
1135,GAK
1136,SLC26A1
1137,FGFRL1
1138,CTBP1
1139,UVSSA
1140,CRIPAK
1141,TMEM129
1142,FGFR3
1143,WHSC1
1144,NELFA
1145,ZFYVE28
1146,RP11-503N18.1
1147,FAM193A
1148,SH3BP2
1149,MFSD10
1150,HTT
1151,RGS12
1152,HGFAC
1153,FAM86EP
1154,EVC2
1155,EVC
1156,CRMP1
1157,JAKMIP1
1158,WFS1
1159,PPP2R2C
1160,TBC1D14
1161,CCDC96
1162,SORCS2
1163,ABLIM2
1164,SH3TC1
1165,ACOX3
1166,TRMT44
1167,CPZ
1168,HMX1
1169,FAM86KP
1170,USP17L12
1171,USP17L15
1172,USP17L18
1173,USP17L19
1174,USP17L20
1175,USP17L21
1176,USP17L24
1177,USP17L5
1178,USP17L29
1179,USP17L9P
1180,USP17L6P
1181,ZNF518B
1182,HS3ST1
1183,NKX3-2
1184,BOD1L1
1185,FAM184B
1186,DCAF16
1187,KCNIP4
1188,SEL1L3
1189,ARAP2
1190,PGM2
1191,TBC1D1
1192,TMEM156
1193,WDR19
1194,SMIM14
1195,PDS5A
1196,CHRNA9
1197,LIMCH1
1198,PHOX2B
1199,FRYL
1200,OCIAD1
1201,CWH43
1202,ERVMER34-1
1203,SCFD2
1204,FIP1L1
1205,LNX1
1206,PDGFRA
1207,CLOCK
1208,CEP135
1209,PAICS
1210,SRP72
1211,EPHA5
1212,CENPC
1213,TMPRSS11E
1214,RUFY3
1215,RASSF6
1216,USO1
1217,CCDC158
1218,SHROOM3
1219,SOWAHB
1220,SEPT11
1221,FRAS1
1222,PRKG2
1223,ENOPH1
1224,LIN54
1225,WDFY3
1226,ARHGAP24
1227,NUDT9
1228,SPARCL1
1229,PKD2
1230,ABCG2
1231,HERC3
1232,SMARCAD1
1233,PDHA2
1234,BANK1
1235,NFKB1
1236,ARHGEF38
1237,PAPSS1
1238,LEF1
1239,SEC24B
1240,LRIT3
1241,ANK2
1242,NDST4
1243,SEC24D
1244,USP53
1245,TRPC3
1246,KIAA1109
1247,SPRY1
1248,FAT4
1249,PLK4
1250,C4orf29
1251,JADE1
1252,SLC7A11-AS1
1253,ELF2
1254,NAA15
1255,MAML3
1256,TBC1D9
1257,TNRC18P1
1258,INPP4B
1259,USP38
1260,GYPE
1261,GYPB
1262,C4orf51
1263,TTC29
1264,ARHGAP10
1265,DCLK2
1266,MAB21L2
1267,FBXW7
1268,FHDC1
1269,FGA
1270,ASIC5
1271,TMEM144
1272,FNIP2
1273,FSTL5
1274,NPY5R
1275,TRIM61
1276,DDX60
1277,PALLD
1278,SH3RF1
1279,AADAT
1280,ADAM29
1281,DCTD
1282,WWC2
1283,CLDN24
1284,ACSL1
1285,PDLIM3
1286,FAT1
1287,SDHA
1288,PDCD6
1289,EXOC3
1290,BRD9
1291,SLC6A19
1292,TERT
1293,MIR4457
1294,SLC6A3
1295,SDHAP3
1296,IRX1
1297,KIAA0947
1298,LOC442132
1299,CMBL
1300,ROPN1L
1301,DNAH5
1302,FBXL7
1303,MYO10
1304,PRDM9
1305,PDZD2
1306,NPR3
1307,ADAMTS12
1308,DNAJC21
1309,SPEF2
1310,UGT3A2
1311,NIPBL
1312,NUP155
1313,WDR70
1314,GDNF
1315,GDNF-AS1
1316,EGFLAM
1317,RICTOR
1318,FYB
1319,C7
1320,MROH2B
1321,PLCXD3
1322,C5orf51
1323,ITGA2
1324,GZMK
1325,GPX8
1326,IL6ST
1327,NLN
1328,MAST4
1329,SLC30A5
1330,CENPH
1331,CDK7
1332,SERF1B
1333,SMN2
1334,SERF1A
1335,FOXD1
1336,ARHGEF28
1337,IQGAP2
1338,F2RL1
1339,AP3B1
1340,DMGDH
1341,CMYA5
1342,CRSP8P
1343,DHFR
1344,RASGRF2
1345,SSBP2
1346,LNPEP
1347,LIX1
1348,RIOK2
1349,LOC100133050
1350,SLCO6A1
1351,FER
1352,EPB41L4A
1353,APC
1354,MCC
1355,TRIM36
1356,AP3S1
1357,DMXL1
1358,HSD17B4
1359,FTMT
1360,LOX
1361,ZNF474
1362,GRAMD3
1363,LMNB1
1364,PRRC1
1365,FBN2
1366,ACSL6
1367,PDLIM4
1368,SEPT8
1369,SHROOM1
1370,FSTL4
1371,JADE2
1372,PCBD2
1373,CATSPER3
1374,C5orf20
1375,SLC25A48
1376,PKD2L2
1377,KDM3B
1378,REEP2
1379,EGR1
1380,LRRTM2
1381,CTNNA1
1382,ECSCR
1383,TMEM173
1384,NRG2
1385,SLC4A9
1386,TMCO6
1387,NDUFA2
1388,WDR55
1389,PCDHA10
1390,PCDHA13
1391,PCDHB7
1392,PCDHB13
1393,PCDHGA5
1394,PCDHGA6
1395,PCDHGA7
1396,PCDHGA9
1397,PCDHGA11
1398,PCDHGA12
1399,HDAC3
1400,FCHSD1
1401,KIAA0141
1402,PCDH12
1403,SPRY4
1404,ARHGAP26
1405,NR3C1
1406,YIPF5
1407,PLAC8L1
1408,PPP2R2B
1409,DPYSL3
1410,JAKMIP2
1411,SH3TC2
1412,AFAP1L1
1413,ARHGEF37
1414,PPARGC1B
1415,CSF1R
1416,PDGFRB
1417,SLC6A7
1418,TCOF1
1419,NDST1
1420,SYNPO
1421,MYOZ3
1422,ZNF300
1423,ANXA6
1424,FAT2
1425,SPARC
1426,NMUR2
1427,SAP30L
1428,FAXDC2
1429,GEMIN5
1430,CYFIP2
1431,ADAM19
1432,SOX30
1433,EBF1
1434,ADRA1B
1435,FABP6
1436,SLU7
1437,ATP10B
1438,TENM2
1439,WWC1
1440,SLIT3
1441,DOCK2
1442,GABRP
1443,STK10
1444,SH3PXD2B
1445,ERGIC1
1446,NKX2-5
1447,SIMC1
1448,HIGD2A
1449,CDHR2
1450,UNC5A
1451,HK3
1452,ZNF346
1453,FGFR4
1454,NSD1
1455,RAB24
1456,MXD3
1457,LMAN2
1458,RGS14
1459,GRK6
1460,DBN1
1461,PDLIM7
1462,DDX41
1463,B4GALT7
1464,N4BP3
1465,HNRNPAB
1466,COL23A1
1467,GRM6
1468,ZNF879
1469,C5orf60
1470,CBY3
1471,CANX
1472,MAML1
1473,TBC1D9B
1474,FLT4
1475,MGAT1
1476,ZFP62
1477,BTNL3
1478,TRIM7
1479,IRF4
1480,EXOC2
1481,FOXC1
1482,RIPK1
1483,TUBB2A
1484,TUBB2B
1485,PRPF4B
1486,RPP40
1487,LYRM4
1488,NRN1
1489,LY86
1490,CAGE1
1491,DSP
1492,MAK
1493,PHACTR1
1494,TBC1D7
1495,JARID2
1496,DTNBP1
1497,KIF13A
1498,RNF144B
1499,E2F3
1500,DCDC2
1501,MRS2
1502,KIAA0319
1503,FAM65B
1504,SCGN
1505,SLC17A4
1506,HIST1H4D
1507,HIST1H4H
1508,LOC285819
1509,HIST1H4I
1510,PRSS16
1511,HIST1H4J
1512,HIST1H4K
1513,HIST1H3J
1514,OR2B6
1515,ZSCAN12P1
1516,ZSCAN16
1517,ZSCAN16-AS1
1518,ZKSCAN8
1519,ZSCAN31
1520,ZSCAN12
1521,ZSCAN23
1522,OR14J1
1523,MAS1L
1524,HLA-F
1525,HLA-G
1526,TRIM31
1527,DHX16
1528,PPP1R18
1529,FLOT1
1530,DDR1
1531,VARS2
1532,SFTA2
1533,MUC22
1534,CCHCR1
1535,POU5F1
1536,PSORS1C3
1537,HLA-B
1538,MCCD1
1539,TNF
1540,PRRC2A
1541,BAG6
1542,ABHD16A
1543,LY6G6F
1544,LY6G6E
1545,DDAH2
1546,VWA7
1547,VARS
1548,LSM2
1549,EHMT2
1550,SKIV2L
1551,DXO
1552,STK19
1553,C4A
1554,CYP21A1P
1555,TNXA
1556,C4B
1557,CYP21A2
1558,TNXB
1559,ATF6B
1560,PRRT1
1561,PBX2
1562,NOTCH4
1563,BTNL2
1564,HLA-DRB6
1565,HLA-DRB1
1566,HLA-DQB1
1567,HLA-DQB2
1568,TAP2
1569,TAP1
1570,HLA-DMA
1571,BRD2
1572,HLA-DPA1
1573,RXRB
1574,WDR46
1575,PFDN6
1576,RGL2
1577,KIFC1
1578,PHF1
1579,PACSIN1
1580,UHRF1BP1
1581,ZNF76
1582,RPL10A
1583,MAPK13
1584,C6orf222
1585,ETV7
1586,PANDAR
1587,RAB44
1588,CPNE5
1589,PI16
1590,FGD2
1591,TMEM217
1592,MDGA1
1593,GLP1R
1594,KCNK5
1595,KCNK17
1596,KCNK16
1597,KIF6
1598,DAAM2
1599,MOCS1
1600,UNC5CL
1601,TREM2
1602,FOXP4
1603,MDFI
1604,TFEB
1605,MED20
1606,BYSL
1607,TAF8
1608,GLTSCR1L
1609,PEX6
1610,PPP2R5D
1611,MEA1
1612,CUL7
1613,MRPL2
1614,KLC4
1615,TTBK1
1616,ZNF318
1617,ABCC10
1618,POLR1C
1619,XPO5
1620,GTPBP2
1621,VEGFA
1622,RP5-1120P11.1
1623,TMEM63B
1624,NFKBIE
1625,AARS2
1626,RUNX2
1627,CLIC5
1628,GPR110
1629,TNFRSF21
1630,OPN5
1631,MUT
1632,GLYATL3
1633,C6orf141
1634,DEFB112
1635,PAQR8
1636,ICK
1637,FBXO9
1638,GCLC
1639,DST
1640,ZNF451
1641,PRIM2
1642,PHF3
1643,EYS
1644,BAI3
1645,COL9A1
1646,B3GAT2
1647,KCNQ5
1648,KHDC1L
1649,KHDC1
1650,MTO1
1651,FILIP1
1652,MEI4
1653,DOPEY1
1654,KIAA1009
1655,LOC102724201
1656,LOC101928870
1657,ZNF292
1658,C6orf165
1659,RARS2
1660,ANKRD6
1661,MDN1
1662,CASP8AP2
1663,BACH2
1664,EPHA7
1665,KLHL32
1666,MMS22L
1667,PNISR
1668,USP45
1669,PREP
1670,PRDM1
1671,AIM1
1672,PDSS2
1673,SEC63
1674,LOC100996634
1675,MICAL1
1676,FIG4
1677,SLC22A16
1678,FAM26E
1679,FAM162B
1680,GPRC6A
1681,CEP85L
1682,SMPDL3A
1683,RNF217
1684,RNF146
1685,ECHDC1
1686,THEMIS
1687,LAMA2
1688,ARHGAP18
1689,SAMD3
1690,AKAP7
1691,MED23
1692,TAAR8
1693,TAAR6
1694,EYA4
1695,SGK1
1696,HBS1L
1697,KIAA1244
1698,REPS1
1699,UTRN
1700,FBXO30
1701,SHPRH
1702,GRM1
1703,ADGB
1704,TAB2
1705,LATS1
1706,RAET1E-AS1
1707,RAET1G
1708,RAET1L
1709,PLEKHG1
1710,AKAP12
1711,RMND1
1712,SYNE1
1713,EZR
1714,OSTCP1
1715,MRPL18
1716,PNLDC1
1717,SLC22A1
1718,SLC22A2
1719,LPA
1720,T
1721,FGFR1OP
1722,UNC93A
1723,KIF25
1724,FRMD1
1725,WDR27
1726,C6orf120
1727,FAM120B
1728,FAM20C
1729,CYP2W1
1730,UNCX
1731,MICALL2
1732,INTS1
1733,MAD1L1
1734,EIF3B
1735,TTYH3
1736,CARD11
1737,SDK1
1738,FOXK1
1739,TNRC18
1740,ACTB
1741,CCZ1
1742,ANKRD61
1743,EIF2AK1
1744,USP42
1745,CYTH3
1746,GRID2IP
1747,C7orf26
1748,ZNF316
1749,ZNF12
1750,CCZ1B
1751,COL28A1
1752,MIOS
1753,RPA3-AS1
1754,THSD7A
1755,VWDE
1756,BZW2
1757,SP8
1758,RPL23P8
1759,DNAH11
1760,CDCA7L
1761,RAPGEF5
1762,NPY
1763,OSBPL3
1764,NFE2L3
1765,HOXA-AS2
1766,HOXA3
1767,CHN2
1768,PLEKHA8
1769,GARS
1770,GHRHR
1771,ADCYAP1R1
1772,CCDC129
1773,PDE1C
1774,FKBP9
1775,EEPD1
1776,FAM183B
1777,C7orf25
1778,HECW1
1779,URGCP
1780,POLR2J4
1781,AEBP1
1782,NPC1L1
1783,OGDH
1784,ZMIZ2
1785,PPIA
1786,MYO1G
1787,NACAD
1788,TBRG4
1789,ADCY1
1790,PKD1L1
1791,SUN3
1792,ABCA13
1793,CDC14C
1794,FIGNL1
1795,GRB10
1796,COBL
1797,SUMF2
1798,LOC401357
1799,ZNF138
1800,ZNF273
1801,ERV3-1
1802,CALN1
1803,LOC100101148
1804,NCF1B
1805,NSUN5
1806,FKBP6
1807,TBL2
1808,MLXIPL
1809,DNAJC30
1810,WBSCR28
1811,CLIP2
1812,GTF2IRD1
1813,NCF1
1814,GATSL2
1815,NCF1C
1816,LOC541473
1817,HIP1
1818,CCL26
1819,TMEM120A
1820,MDH2
1821,HSPB1
1822,DTX2
1823,LOC102723555
1824,LOC100133091
1825,DTX2P1-UPK3BP1-PMS2P11
1826,PTPN12
1827,PHTF2
1828,MAGI2
1829,CACNA2D1
1830,SEMA3D
1831,KIAA1324L
1832,ABCB4
1833,ABCB1
1834,DBF4
1835,SRI
1836,STEAP2
1837,C7orf63
1838,GTPBP10
1839,AKAP9
1840,HEPACAM2
1841,CASD1
1842,ACN9
1843,LMTK2
1844,TECPR1
1845,NPTX2
1846,TRRAP
1847,ARPC1B
1848,ZSCAN25
1849,TRIM4
1850,GJC3
1851,AP4M1
1852,GAL3ST4
1853,GATS
1854,SPDYE3
1855,ZCWPW1
1856,AGFG2
1857,PCOLCE-AS1
1858,TFR2
1859,GIGYF1
1860,SLC12A9
1861,TRIP6
1862,SRRT
1863,MUC12
1864,TRIM56
1865,PLOD3
1866,COL26A1
1867,CUX1
1868,LRWD1
1869,RASA4B
1870,LOC101929837
1871,RASA4
1872,POLR2J2
1873,SLC26A5
1874,RELN
1875,ATXN7L1
1876,PIK3CG
1877,LAMB1
1878,DNAJB9
1879,LRRN3
1880,DOCK4
1881,IFRD1
1882,PPP1R3A
1883,MDFIC
1884,CTTNBP2
1885,KCND2
1886,TSPAN12
1887,ZNF800
1888,GCC1
1889,FSCN3
1890,PAX4
1891,LRRC4
1892,IMPDH1
1893,METTL2B
1894,CALU
1895,FLNC
1896,ATP6V1F
1897,SMO
1898,STRIP2
1899,CPA4
1900,COPG2
1901,MKLN1
1902,PLXNA4
1903,SLC13A4
1904,DGKI
1905,AKR1D1
1906,ATP6V0A4
1907,BRAF
1908,CLEC5A
1909,MGAM
1910,PRSS1
1911,PRSS2
1912,TRPV6
1913,KEL
1914,CLCN1
1915,LOC100507507
1916,ZYX
1917,FAM115C
1918,FAM115A
1919,OR2A5
1920,OR2A9P
1921,NOBOX
1922,CNTNAP2
1923,ZNF786
1924,ZNF425
1925,ZNF398
1926,ZNF783
1927,ZNF777
1928,KRBA1
1929,SSPO
1930,ACTR3C
1931,REPIN1
1932,AOC1
1933,NOS3
1934,SLC4A2
1935,FASTK
1936,AGAP3
1937,ASB10
1938,LOC102723607
1939,ABCF2
1940,CHPF2
1941,SMARCD3
1942,NUB1
1943,KMT2C
1944,DPP6
1945,DNAJB6
1946,PTPRN2
1947,NCAPG2
1948,CLN8
1949,KBTBD11
1950,MYOM2
1951,CSMD1
1952,XKR5
1953,USP17L4
1954,ZNF705G
1955,DEFB105B
1956,FAM90A10P
1957,DEFB105A
1958,SPAG11A
1959,FAM86B3P
1960,MFHAS1
1961,TNKS
1962,RP1L1
1963,MTMR9
1964,LOC101929290
1965,FAM167A
1966,GATA4
1967,FDFT1
1968,USP17L7
1969,USP17L2
1970,FAM86B1
1971,FAM86B2
1972,MSR1
1973,VPS37A
1974,MTUS1
1975,PCM1
1976,ASAH1
1977,SH2D4A
1978,INTS10
1979,FAM160B2
1980,HR
1981,REEP4
1982,POLR3D
1983,PIWIL2
1984,SLC39A14
1985,SORBS3
1986,CCAR2
1987,LOC389641
1988,SLC25A37
1989,ADRA1A
1990,SCARA3
1991,SCARA5
1992,NUGGC
1993,FBXO16
1994,RBPMS
1995,PURG
1996,ZNF703
1997,GPR124
1998,RAB11FIP1
1999,ADRB3
2000,BAG4
2001,PPAPDC1B
2002,WHSC1L1
2003,LETM2
2004,FGFR1
2005,TACC1
2006,PLEKHA2
2007,ADAM2
2008,AGPAT6
2009,ANK1
2010,KAT6A
2011,PLAT
2012,IKBKB
2013,SLC20A2
2014,CHRNA6
2015,SPIDR
2016,PRKDC
2017,MCM4
2018,EFCAB1
2019,PCMTD1
2020,ST18
2021,ATP6V1H
2022,MRPL15
2023,SOX17
2024,LOC100129098
2025,RP1
2026,SBF1P1
2027,NSMAF
2028,ASPH
2029,ARMC1
2030,PDE7A
2031,TRIM55
2032,PREX2
2033,SLCO5A1
2034,NCOA2
2035,MSC
2036,LOC100132891
2037,KCNB2
2038,UBE2W
2039,JPH1
2040,GDAP1
2041,ZFHX4
2042,ZC2HC1A
2043,ZBTB10
2044,ZNF704
2045,SLC7A13
2046,NECAB1
2047,RUNX1T1
2048,RBM12B
2049,CDH17
2050,KIAA1429
2051,NDUFAF6
2052,RGS22
2053,AZIN1
2054,EIF3E
2055,PKHD1L1
2056,EIF3H
2057,NOV
2058,DEPTOR
2059,COL14A1
2060,ZHX2
2061,TBC1D31
2062,KLHL38
2063,MTSS1
2064,KIAA0196
2065,OC90
2066,HHLA1
2067,TG
2068,WISP1
2069,ZFAT
2070,FAM135B
2071,DENND3
2072,MROH5
2073,TSNARE1
2074,BAI1
2075,JRK
2076,PSCA
2077,LYNX1
2078,LY6D
2079,CYP11B2
2080,LY6H
2081,ZNF696
2082,ZC3H3
2083,GSDMD
2084,MROH6
2085,EEF1D
2086,TIGD5
2087,TSTA3
2088,CCDC166
2089,MAPK15
2090,FAM83H
2091,SCRIB
2092,EPPK1
2093,PLEC
2094,PARP10
2095,SPATC1
2096,OPLAH
2097,GPAA1
2098,CYC1
2099,KIAA1875
2100,MROH1
2101,SCXB
2102,DGAT1
2103,SCRT1
2104,SLC52A2
2105,SLC39A4
2106,TONSL
2107,CYHR1
2108,KIFC2
2109,MFSD3
2110,RECQL4
2111,ARHGAP39
2112,RPL8
2113,ZNF252P-AS1
2114,CBWD1
2115,KANK1
2116,DMRT1
2117,SMARCA2
2118,SLC1A1
2119,KIAA1432
2120,IL33
2121,GLDC
2122,PTPRD
2123,CER1
2124,CCDC171
2125,ADAMTSL1
2126,MTAP
2127,ELAVL2
2128,LOC100506422
2129,LINGO2
2130,ACO1
2131,TAF1L
2132,AQP7
2133,NOL6
2134,ANKRD18B
2135,RP11-133O22.6
2136,PRSS3
2137,DCAF12
2138,NUDT2
2139,C9orf24
2140,CCL21
2141,FAM205A
2142,FAM205B
2143,DNAJB5
2144,C9orf131
2145,VCP
2146,PIGO
2147,STOML2
2148,FAM214B
2149,UNC13B
2150,RUSC2
2151,TESK1
2152,TLN1
2153,GBA2
2154,RGP1
2155,NPR2
2156,SPAG8
2157,HINT2
2158,RECK
2159,PAX5
2160,FRMPD1
2161,FAM220BP
2162,ANKRD18A
2163,SPATA31A1
2164,LOC102724655
2165,LOC102724580
2166,CBWD6
2167,SPATA31A6
2168,SPATA31A5
2169,LOC101927448
2170,SPATA31A7
2171,RP11-381O7.3
2172,CBWD5
2173,SPATA31A3
2174,CBWD3
2175,TMEM252
2176,PIP5K1B
2177,FXN
2178,KLF9
2179,CEP78
2180,TLE1
2181,SPATA31D1
2182,SPATA31B1
2183,FRMD3
2184,C9orf64
2185,NAA35
2186,ZCCHC6
2187,LOC494127
2188,SPATA31E1
2189,SPATA31C1
2190,SPATA31C2
2191,S1PR3
2192,SHC3
2193,SEMA4D
2194,SYK
2195,ROR2
2196,NOL8
2197,CENPP
2198,BICD2
2199,WNK2
2200,FAM120AOS
2201,FAM120A
2202,NUTM2F
2203,FBP2
2204,C9orf3
2205,FANCC
2206,PTCH1
2207,ZNF367
2208,HABP4
2209,CDC14B
2210,ZNF510
2211,NUTM2G
2212,LOC101926917
2213,TSTD2
2214,FOXE1
2215,TRIM14
2216,CORO2A
2217,ANKS6
2218,COL15A1
2219,ALDOB
2220,TMEM246
2221,SMC2
2222,ABCA1
2223,FKTN
2224,TMEM38B
2225,IKBKAP
2226,FRRS1L
2227,PTPN3
2228,KIAA0368
2229,ZNF483
2230,SUSD1
2231,FKBP15
2232,ALAD
2233,RGS3
2234,COL27A1
2235,ORM1
2236,ORM2
2237,AKNA
2238,DFNB31
2239,TNC
2240,PAPPA
2241,ASTN2
2242,CDK5RAP2
2243,PHF19
2244,C5
2245,CNTRL
2246,GSN
2247,STOM
2248,DAB2IP
2249,PTGS1
2250,OR1Q1
2251,GPR21
2252,STRBP
2253,CRB2
2254,DENND1A
2255,PSMB7
2256,WDR38
2257,RPL35
2258,ARPC5L
2259,GOLGA1
2260,ZBTB34
2261,RALGPS1
2262,LRSAM1
2263,FAM129B
2264,STXBP1
2265,C9orf117
2266,TOR2A
2267,SH2D3C
2268,AK1
2269,FAM102A
2270,C9orf16
2271,GOLGA2
2272,SLC27A4
2273,GLE1
2274,SPTAN1
2275,WDR34
2276,SET
2277,PKN3
2278,ZDHHC12
2279,TBC1D13
2280,LRRC8A
2281,NUP188
2282,SH3GLB2
2283,FAM73B
2284,DOLPP1
2285,CRAT
2286,PTGES
2287,USP20
2288,HMCN2
2289,ASS1
2290,FUBP3
2291,EXOSC2
2292,ABL1
2293,LAMC3
2294,PRRC2B
2295,POMT1
2296,MED27
2297,NTNG2
2298,C9orf171
2299,TSC1
2300,GFI1B
2301,GTF3C5
2302,LOC100996574
2303,RPL7A
2304,SURF4
2305,C9orf96
2306,REXO4
2307,ADAMTS13
2308,CACFD1
2309,TMEM8C
2310,ADAMTSL2
2311,DBH
2312,VAV2
2313,RXRA
2314,COL5A1
2315,FCN1
2316,PPP1R26
2317,CAMSAP1
2318,UBAC1
2319,QSOX2
2320,MGC50722
2321,GPSM1
2322,CARD9
2323,SDCCAG3
2324,SEC16A
2325,NOTCH1
2326,HCCAT4
2327,LCN8
2328,LCN15
2329,MAMDC4
2330,ABCA2
2331,SAPCD2
2332,MAN1B1
2333,NDOR1
2334,RNF224
2335,TUBB4B
2336,FAM166A
2337,LOC100129722
2338,EXD3
2339,NSMF
2340,PNPLA7
2341,EHMT1
2342,CACNA1B
2343,TUBBP5
2344,TUBB8
2345,DIP2C
2346,WDR37
2347,ADARB2
2348,PFKP
2349,PITRM1
2350,TUBAL3
2351,ANKRD16
2352,PFKFB3
2353,SFMBT2
2354,ITIH2
2355,TAF3
2356,USP6NL
2357,DHTKD1
2358,SEPHS1
2359,BEND7
2360,HSPA14
2361,ITGA8
2362,CUBN
2363,SLC39A12
2364,NSUN6
2365,MALRD1
2366,PLXDC2
2367,SKIDA1
2368,MLLT10
2369,PIP4K2A
2370,PTF1A
2371,C10orf67
2372,YME1L1
2373,MKX
2374,ARMC4
2375,KIAA1462
2376,ARHGAP12
2377,CUL2
2378,CREM
2379,FZD8
2380,LINC00999
2381,ZNF37BP
2382,RET
2383,RASSF4
2384,AGAP4
2385,MSMB
2386,AGAP7
2387,GPRIN2
2388,SYT15
2389,FAM35BP
2390,LOC101060581
2391,FRMPD2P1
2392,RBP3
2393,AGAP9
2394,FAM35DP
2395,ANXA8
2396,LOC102724488
2397,CTGLF12P
2398,FRMPD2
2399,C10orf128
2400,C10orf71
2401,ERCC6
2402,SLC18A3
2403,OGDHL
2404,PARG
2405,AGAP6
2406,SGMS1
2407,PCDH15
2408,FAM133CP
2409,ANK3
2410,EGR2
2411,NRBF2
2412,SIRT1
2413,DDX50
2414,DDX21
2415,HKDC1
2416,COL13A1
2417,EIF4EBP2
2418,PALD1
2419,ADAMTS14
2420,SGPL1
2421,SLC29A3
2422,CDH23
2423,ASCC1
2424,MICU1
2425,OIT3
2426,MSS51
2427,USP54
2428,AGAP5
2429,SEC24C
2430,FUT11
2431,ZSWIM8
2432,ZSWIM8-AS1
2433,NDST2
2434,VCL
2435,KCNMA1
2436,POLR3A
2437,SFTPA2
2438,SFTPA1
2439,NUTM2B
2440,TMEM254
2441,ANXA11
2442,FAM213A
2443,TSPAN14
2444,GRID1
2445,WAPAL
2446,OPN4
2447,BMPR1A
2448,MMRN2
2449,AGAP11
2450,FAM35A
2451,NUTM2A
2452,NUTM2D
2453,MINPP1
2454,LIPF
2455,IFIT1B
2456,IFIT1
2457,KIF20B
2458,HTR7
2459,BTAF1
2460,CYP26C1
2461,MYOF
2462,CEP55
2463,PIPSL
2464,PLCE1
2465,NOC3L
2466,TBC1D12
2467,C10orf129
2468,SORBS1
2469,BLNK
2470,PIK3AP1
2471,SLIT1
2472,RRP12
2473,ZDHHC16
2474,ANKRD2
2475,ZFYVE27
2476,CRTAC1
2477,PYROXD2
2478,SLC25A28
2479,COX15
2480,ABCC2
2481,DNMBP
2482,LOC101927371
2483,SNORA12
2484,SCD
2485,SEC31B
2486,SEMA4G
2487,C10orf2
2488,PDZD7
2489,HPS6
2490,PSD
2491,TMEM180
2492,ACTR1A
2493,SUFU
2494,INA
2495,PDCD11
2496,CALHM3
2497,NEURL1
2498,SH3PXD2A
2499,SLK
2500,COL17A1
2501,GSTO1
2502,ITPRIP
2503,SORCS1
2504,DUSP5
2505,SMC3
2506,RBM20
2507,ADRA2A
2508,ACSL5
2509,TCF7L2
2510,HABP2
2511,NRAP
2512,PLEKHS1
2513,SLC18A2
2514,FAM45A
2515,GRK5
2516,PPAPDC1A
2517,NSMCE4A
2518,TACC2
2519,PLEKHA1
2520,C10orf120
2521,PSTK
2522,GPR26
2523,CHST15
2524,LHPP
2525,CTBP2
2526,EDRF1
2527,UROS
2528,DHX32
2529,FANK1
2530,ADAM12
2531,DOCK1
2532,CLRN3
2533,PTPRE
2534,MKI67
2535,EBF3
2536,LINC00959
2537,TCERG1L
2538,DPYSL4
2539,PWWP2B
2540,TTC40
2541,GPR123
2542,KNDC1
2543,VENTX
2544,ADAM8
2545,TUBGCP2
2546,MTG1
2547,NLRP6
2548,RNH1
2549,C11orf35
2550,RASSF7
2551,PHRF1
2552,DEAF1
2553,PDDC1
2554,SLC25A22
2555,PIDD
2556,AP2A2
2557,MUC6
2558,MUC2
2559,MUC5AC
2560,MUC5B
2561,BRSK2
2562,IFITM10
2563,SYT8
2564,TNNI2
2565,LSP1
2566,TNNT3
2567,IGF2-AS
2568,TH
2569,LOC102724574
2570,KCNQ1
2571,OSBPL5
2572,ART1
2573,PGAP2
2574,STIM1
2575,TRIM21
2576,MMP26
2577,HBG2
2578,HBE1
2579,OR51M1
2580,UBQLN3
2581,OR52E6
2582,OR52E8
2583,OR52L1
2584,OR52W1
2585,SMPD1
2586,HPX
2587,TRIM3
2588,ARFIP2
2589,TIMM10B
2590,DNHD1
2591,DCHS1
2592,MRPL17
2593,OR6A2
2594,OR10A5
2595,SYT9
2596,PPFIBP2
2597,CYB5R2
2598,NLRP10
2599,TRIM66
2600,C11orf16
2601,SCUBE2
2602,KRT8P41
2603,DENND5A
2604,AMPD3
2605,USP47
2606,MICAL2
2607,ARNTL
2608,BTBD10
2609,FAR1
2610,RRAS2
2611,PLEKHA7
2612,ABCC8
2613,USH1C
2614,OTOG
2615,KCNC1
2616,HPS5
2617,GTF2H1
2618,IGSF22
2619,PTPN5
2620,MRGPRX1
2621,ZDHHC13
2622,E2F8
2623,NAV2
2624,SLC6A5
2625,ANO5
2626,FANCF
2627,GAS2
2628,BBOX1
2629,DCDC5
2630,PAX6
2631,CSTF3
2632,HIPK3
2633,KIAA1549L
2634,CAPRIN1
2635,NAT10
2636,LOC102723539
2637,SLC1A2
2638,PAMR1
2639,PRR5L
2640,RAG1
2641,TTC17
2642,ACCSL
2643,ACCS
2644,EXT2
2645,CD82
2646,PRDM11
2647,CRY2
2648,MAPK8IP1
2649,PEX16
2650,DGKZ
2651,LRP4
2652,ARFGAP2
2653,ACP2
2654,NR1H3
2655,MYBPC3
2656,AGBL2
2657,FNBP4
2658,OR5M10
2659,OR9G1
2660,APLNR
2661,TNKS1BP1
2662,SSRP1
2663,P2RX3
2664,PRG3
2665,SLC43A1
2666,TIMM10
2667,SMTNL1
2668,UBE2L6
2669,C11orf31
2670,BTBD18
2671,FAM111B
2672,DTX4
2673,MPEG1
2674,OR5AN1
2675,MS4A14
2676,MS4A10
2677,CCDC86
2678,ZP1
2679,PRPF19
2680,TMEM132A
2681,CD6
2682,CD5
2683,PGA3
2684,PGA4
2685,PGA5
2686,DDB1
2687,CYB561A3
2688,TMEM138
2689,PPP1R32
2690,SYT7
2691,DAGLA
2692,MYRF
2693,FADS1
2694,RAB3IL1
2695,INCENP
2696,SCGB2A1
2697,SCGB1A1
2698,AHNAK
2699,TUT1
2700,MTA2
2701,B3GAT3
2702,GANAB
2703,INTS5
2704,TMEM179B
2705,SLC22A25
2706,SLC22A10
2707,SLC22A9
2708,LGALS12
2709,HRASLS2
2710,COX8A
2711,OTUB1
2712,MACROD1
2713,STIP1
2714,TRPT1
2715,PPP1R14B
2716,PLCB3
2717,BAD
2718,GPR137
2719,KCNK4
2720,CCDC88B
2721,NRXN2
2722,PYGM
2723,MAP4K2
2724,MEN1
2725,ATG2A
2726,C11orf85
2727,ARL2-SNX15
2728,CDCA5
2729,ZFPL1
2730,SYVN1
2731,SLC25A45
2732,SCYL1
2733,EHBP1L1
2734,MAP3K11
2735,PCNXL3
2736,SIPA1
2737,KAT5
2738,SNX32
2739,CFL1
2740,MUS81
2741,FIBP
2742,DRAP1
2743,CATSPER1
2744,PACS1
2745,YIF1A
2746,RIN1
2747,SLC29A2
2748,NPAS4
2749,PELI3
2750,DPP3
2751,ACTN3
2752,SPTBN2
2753,PC
2754,KDM2A
2755,ANKRD13D
2756,SSH3
2757,CARNS1
2758,RPS6KB2
2759,TMEM134
2760,PITPNM1
2761,GSTP1
2762,ALDH3B2
2763,FAM86C2P
2764,ALDH3B1
2765,NDUFS8
2766,TCIRG1
2767,CHKA
2768,SUV420H1
2769,C11orf24
2770,IGHMBP2
2771,FGF3
2772,ANO1
2773,PPFIA1
2774,CTTN
2775,SHANK2
2776,ALG1L9P
2777,FAM86C1
2778,RNF121
2779,IL18BP
2780,NUMA1
2781,LAMTOR1
2782,ANAPC15
2783,LRTOMT
2784,CLPB
2785,PDE2A
2786,ARAP1
2787,STARD10
2788,P2RY2
2789,ARHGEF17
2790,RELT
2791,UCP3
2792,P4HA3
2793,RNF169
2794,XRRA1
2795,ARRB1
2796,KLHL35
2797,TSKU
2798,B3GNT6
2799,MYO7A
2800,GDPD4
2801,KCTD21
2802,USP35
2803,TENM4
2804,PCF11
2805,DLG2
2806,CREBZF
2807,CCDC89
2808,SYTL2
2809,ME3
2810,GRM5
2811,UBTFL1
2812,FAT3
2813,SLC36A4
2814,VSTM5
2815,HEPHL1
2816,PANX1
2817,FOLR4
2818,GPR83
2819,PIWIL4
2820,AMOTL1
2821,KDM4D
2822,MTMR2
2823,MAML2
2824,MMP20
2825,MMP1
2826,MMP13
2827,DYNC2H1
2828,CARD17
2829,GRIA4
2830,GUCY1A2
2831,ATM
2832,DDX10
2833,LAYN
2834,ALG9
2835,DIXDC1
2836,DLAT
2837,NCAM1
2838,TMPRSS5
2839,ZW10
2840,ZBTB16
2841,REXO2
2842,LINC00900
2843,BUD13
2844,ZNF259
2845,SIK3
2846,RNF214
2847,BACE1
2848,CEP164
2849,TMPRSS4-AS1
2850,TMPRSS4
2851,AMICA1
2852,CD3E
2853,CD3D
2854,ATP5L
2855,PHLDB1
2856,FOXR1
2857,CCDC84
2858,TRAPPC4
2859,HYOU1
2860,VPS11
2861,C2CD2L
2862,HINFP
2863,PDZD3
2864,CCDC153
2865,MCAM
2866,RNF26
2867,USP2
2868,PVRL1
2869,TRIM29
2870,ARHGEF12
2871,GRIK4
2872,SORL1
2873,CRTAM
2874,BSX
2875,GRAMD1B
2876,SCN3B
2877,MSANTD2
2878,ROBO3
2879,ROBO4
2880,HEPACAM
2881,SLC37A2
2882,FEZ1
2883,SRPR
2884,TIRAP
2885,FLI1
2886,ARHGAP32
2887,NFRKB
2888,PRDM10
2889,SNX19
2890,VPS26B
2891,ACAD8
2892,GLB1L3
2893,IQSEC3
2894,SLC6A12
2895,KDM5A
2896,RAD52
2897,LRTM2
2898,CACNA2D4
2899,CACNA1C
2900,FKBP4
2901,ITFG2
2902,FOXM1
2903,TEAD4
2904,C12orf4
2905,DYRK4
2906,AKAP3
2907,KCNA5
2908,ANO2
2909,VWF
2910,PLEKHG6
2911,TNFRSF1A
2912,SCNN1A
2913,ZNF384
2914,PIANP
2915,CD4
2916,GPR162
2917,GNB3
2918,USP5
2919,ATN1
2920,SCARNA12
2921,C1S
2922,CLSTN3
2923,PEX5
2924,FAM86FP
2925,AICDA
2926,RIMKLB
2927,A2ML1
2928,PHC1
2929,LOC642846
2930,DDX12P
2931,CLEC7A
2932,PRB3
2933,ETV6
2934,BCL2L14
2935,HTR7P1
2936,KIAA1467
2937,GRIN2B
2938,ATF7IP
2939,ART4
2940,PIK3C2G
2941,PLCZ1
2942,GYS2
2943,C2CD5
2944,BHLHE41
2945,ITPR2
2946,TM7SF3
2947,PPFIBP1
2948,OVCH1
2949,OVOS2
2950,ABCD2
2951,MUC19
2952,PDZRN4
2953,TMEM117
2954,PLEKHA8P1
2955,AMIGO2
2956,HDAC7
2957,COL2A1
2958,SENP1
2959,ASB8
2960,H1FNT
2961,OR8S1
2962,ADCY6
2963,RND1
2964,CCDC65
2965,FKBP11
2966,WNT10B
2967,DDN
2968,KMT2D
2969,LMBR1L
2970,TUBA1A
2971,TUBA1C
2972,SPATS2
2973,MCRS1
2974,PRPF40B
2975,BCDIN3D
2976,SMARCD1
2977,FAM186A
2978,METTL7A
2979,LETMD1
2980,CSRNP2
2981,POU6F1
2982,SLC4A8
2983,SCN8A
2984,ANKRD33
2985,GRASP
2986,NR4A1
2987,KRT73
2988,KRT79
2989,KRT8
2990,IGFBP6
2991,CSAD
2992,ITGB7
2993,RARG
2994,ESPL1
2995,AAAS
2996,SP1
2997,AMHR2
2998,MAP3K12
2999,NPFF
3000,NFE2
3001,GPR84
3002,ITGA5
3003,NCKAP1L
3004,PDE1B
3005,PPP1R1A
3006,OR10P1
3007,ITGA7
3008,RAB5B
3009,SUOX
3010,IKZF4
3011,ERBB3
3012,ESYT1
3013,MYL6
3014,SMARCC2
3015,NABP2
3016,SLC39A5
3017,CS
3018,PAN2
3019,STAT2
3020,GLS2
3021,BAZ2A
3022,ATP5B
3023,RDH16
3024,GPR182
3025,NAB2
3026,STAT6
3027,LRP1
3028,INHBC
3029,MBD6
3030,KIF5A
3031,PIP4K2C
3032,ARHGEF25
3033,LOC101927583
3034,SLC26A10
3035,B4GALNT1
3036,AGAP2
3037,CDK4
3038,MARCH9
3039,METTL1
3040,METTL21B
3041,TSFM
3042,AVIL
3043,CTDSP2
3044,USP15
3045,PPM1H
3046,DPY19L2
3047,SRGAP1
3048,XPOT
3049,TBC1D30
3050,LOC100129940
3051,IRAK3
3052,CAND1
3053,LRRC10
3054,MYRFL
3055,KCNC2
3056,GLIPR1
3057,NAV3
3058,PPFIA2
3059,TMTC3
3060,CRADD
3061,TMCC3
3062,AMDHD1
3063,APAF1
3064,ANO4
3065,ARL1
3066,SYCP3
3067,GNPTAB
3068,CCDC53
3069,PAH
3070,STAB2
3071,NT5DC3
3072,BTBD11
3073,WSCD2
3074,SSH1
3075,ACACB
3076,FOXN4
3077,KCTD10
3078,UBE3B
3079,FAM222A
3080,TRPV4
3081,ANAPC7
3082,FAM216A
3083,CUX2
3084,ALDH2
3085,NAA25
3086,HECTD4
3087,RPH3A
3088,OAS2
3089,DTX1
3090,RASAL1
3091,DDX54
3092,SLC8B1
3093,PLBD2
3094,LHX5
3095,RBM19
3096,FBXW8
3097,NOS1
3098,KSR2
3099,VSIG10
3100,SRRM4
3101,TMEM233
3102,CIT
3103,RAB35
3104,GCN1L1
3105,PXN
3106,ACADS
3107,HNF1A
3108,OASL
3109,P2RX4
3110,ANAPC5
3111,KDM2B
3112,ORAI1
3113,WDR66
3114,MLXIP
3115,CLIP1
3116,ZCCHC8
3117,KNTC1
3118,HIP1R
3119,ABCB9
3120,OGFOD2
3121,ARL6IP4
3122,PITPNM2
3123,CDK2AP1
3124,SBNO1
3125,SNRNP35
3126,TCTN2
3127,ATP6V0A2
3128,DNAH10
3129,NCOR2
3130,DHX37
3131,GLT1D1
3132,PIWIL1
3133,RIMBP2
3134,LOC102724010
3135,ULK1
3136,GALNT9
3137,LOC101928629
3138,FBRSL1
3139,POLE
3140,CHFR
3141,ZNF140
3142,XPO4
3143,BASP1P1
3144,SGCG
3145,SACS
3146,C1QTNF9
3147,PARP4
3148,ATP12A
3149,RNF17
3150,GTF3A
3151,PDX1
3152,CDX2
3153,FLT1
3154,SLC46A3
3155,HMGB1
3156,USPL1
3157,BRCA2
3158,N4BP2L1
3159,SPG20
3160,ALG5
3161,SUPT20H
3162,POSTN
3163,TRPC4
3164,FREM2
3165,PROSER1
3166,VWA8
3167,DGKH
3168,EPSTI1
3169,TPT1
3170,SLC25A30
3171,FAM194B
3172,KPNA3
3173,ATP7B
3174,UTP14C
3175,NEK5
3176,CKAP2
3177,SUGT1
3178,PRR20B
3179,DIS3
3180,LMO7
3181,IRG1
3182,CLN5
3183,SPRY2
3184,GPC6
3185,SOX21-AS1
3186,ABCC4
3187,TMTC4
3188,CCDC168
3189,KDELC1
3190,TNFSF13B
3191,IRS2
3192,COL4A1
3193,CARKD
3194,CARS2
3195,ARHGEF7
3196,SPACA7
3197,MCF2L
3198,PCID2
3199,LOC101928841
3200,ADPRHL1
3201,TFDP1
3202,ATP4B
3203,GRK1
3204,TMEM255B
3205,GAS6-AS1
3206,UPF3A
3207,POTEM
3208,POTEG
3209,OR4M1
3210,OR4N2
3211,OR4N5
3212,TTC5
3213,TEP1
3214,KLHL33
3215,RNASE12
3216,RP11-14J7.6
3217,NDRG2
3218,ARHGEF40
3219,CHD8
3220,METTL3
3221,SALL2
3222,LRP10
3223,REM2
3224,C14orf93
3225,PSMB11
3226,CDH24
3227,LOC100128908
3228,CEBPE
3229,SLC7A8
3230,SLC22A17
3231,CMTM5
3232,MYH6
3233,MYH7
3234,ZFHX2
3235,AP1G2
3236,DHRS4-AS1
3237,DHRS4
3238,DHRS4L2
3239,DHRS4L1
3240,LRRC16B
3241,CPNE6
3242,NRL
3243,DCAF11
3244,IPO4
3245,TSSK4
3246,MDP1
3247,TGM1
3248,NOP9
3249,ADCY4
3250,NFATC4
3251,NYNRIN
3252,KHNYN
3253,SCFD1
3254,COCH
3255,AP4S1
3256,HEATR5A
3257,ARHGAP5
3258,BAZ1A
3259,FAM177A1
3260,KIAA0391
3261,BRMS1L
3262,NKX2-1
3263,SLC25A21
3264,FOXA1
3265,FSCB
3266,FAM179B
3267,DNAAF2
3268,KLHDC2
3269,NEMF
3270,L2HGDH
3271,MAP4K5
3272,ATL1
3273,PYGL
3274,ERO1L
3275,SAMD4A
3276,FBXO34
3277,KTN1
3278,AP5M1
3279,C14orf37
3280,ARID4A
3281,KIAA0586
3282,DAAM1
3283,JKAMP
3284,SIX4
3285,SLC38A6
3286,KCNH5
3287,SYNE2
3288,ZBTB1
3289,SPTB
3290,GPX2
3291,MAX
3292,LINC00238
3293,PLEK2
3294,PLEKHH1
3295,RDH11
3296,ZFYVE26
3297,RAD51B
3298,ZFP36L1
3299,DCAF5
3300,ERH
3301,SLC8A3
3302,RGS6
3303,DCAF4
3304,RBM25
3305,PAPLN
3306,NUMB
3307,HEATR4
3308,ACOT1
3309,ACOT2
3310,DNAL1
3311,PNMA1
3312,ELMSAN1
3313,VSX2
3314,ABCD4
3315,LTBP2
3316,RPS6KL1
3317,JDP2
3318,TTLL5
3319,ESRRB
3320,VASH1
3321,IRF2BPL
3322,NGB
3323,POMT2
3324,GSTZ1
3325,SAMD15
3326,NOXRED1
3327,VIPAS39
3328,AHSA1
3329,CEP128
3330,TSHR
3331,KCNK10
3332,EFCAB11
3333,KCNK13
3334,CALM1
3335,C14orf159
3336,CCDC88C
3337,FBLN5
3338,SLC24A4
3339,RIN3
3340,LGMN
3341,ITPK1
3342,UNC79
3343,FAM181A
3344,LINC00521
3345,DDX24
3346,IFI27L1
3347,SERPINA6
3348,SYNE3
3349,GLRX5
3350,ATG2B
3351,AK7
3352,BCL11B
3353,HHIPL1
3354,EVL
3355,BEGAIN
3356,PPP2R5C
3357,DYNC1H1
3358,MOK
3359,TRAF3
3360,CDC42BPB
3361,TNFAIP2
3362,PPP1R13B
3363,KIF26A
3364,CEP170B
3365,PLD4
3366,AHNAK2
3367,C14orf79
3368,JAG2
3369,MTA1
3370,CRIP2
3371,ELK2AP
3372,GOLGA8CP
3373,RP11-69H14.6
3374,OR4M2
3375,OR4N3P
3376,GOLGA8EP
3377,GOLGA8I
3378,GOLGA8DP
3379,NDN
3380,ATP10A
3381,GABRG3
3382,OCA2
3383,HERC2
3384,GOLGA8F
3385,GOLGA8M
3386,TJP1
3387,GOLGA8T
3388,HERC2P10
3389,FAN1
3390,OTUD7A
3391,SCG5
3392,GREM1
3393,FMN1
3394,RYR3
3395,SLC12A6
3396,LPCAT4
3397,ACTC1
3398,SRP14-AS1
3399,PLCB2
3400,DISP2
3401,KNSTRN
3402,IVD
3403,BAHD1
3404,C15orf57
3405,CASC5
3406,RAD51
3407,RMDN3
3408,C15orf62
3409,DNAJC17
3410,LTK
3411,RPAP1
3412,MGA
3413,MAPKBP1
3414,SPTBN5
3415,EHD4
3416,PLA2G4E
3417,PLA2G4F
3418,TMEM87A
3419,CAPN3
3420,STARD9
3421,CDAN1
3422,UBR1
3423,CCNDBP1
3424,EPB42
3425,TGM7
3426,ZSCAN29
3427,MAP1A
3428,PPIP5K1
3429,STRC
3430,ELL3
3431,SERINC4
3432,MFAP1
3433,FRMD5
3434,CASC4
3435,SPG11
3436,PATL2
3437,B2M
3438,TRIM69
3439,DUOX2
3440,DUOXA1
3441,DUOXA2
3442,DUOX1
3443,SLC28A2
3444,LOC101928414
3445,SEMA6D
3446,GALK2
3447,AP4E1
3448,DMXL2
3449,TMOD2
3450,ONECUT1
3451,UNC13C
3452,RAB27A
3453,PRTG
3454,ZNF280D
3455,CGNL1
3456,SLTM
3457,MYO1E
3458,ANXA2
3459,RORA
3460,TPM1
3461,RPS27L
3462,USP3
3463,HERC1
3464,DAPK2
3465,SNX22
3466,CSNK1G1
3467,ZNF609
3468,PIF1
3469,RASL12
3470,CILP
3471,IGDCC4
3472,VWA9
3473,SLC24A1
3474,DIS3L
3475,MAP2K1
3476,SMAD6
3477,PIAS1
3478,CORO2B
3479,KIF23
3480,MYO9A
3481,GRAMD2
3482,PARP6
3483,CELF6
3484,HEXA
3485,TMEM202
3486,BBS4
3487,NEO1
3488,NPTN
3489,LOXL1
3490,PML
3491,STRA6
3492,CCDC33
3493,SEMA7A
3494,UBL7
3495,ARID3B
3496,CLK3
3497,EDC3
3498,CYP1A1
3499,CSK
3500,LMAN1L
3501,SCAMP2
3502,MPI
3503,SCAMP5
3504,PPCDC
3505,C15orf39
3506,MAN2C1
3507,CSPG4
3508,ODF3L1
3509,ISL2
3510,SCAPER
3511,LOC645752
3512,SH2D7
3513,WDR61
3514,IREB2
3515,ADAMTS7
3516,CTSH
3517,RASGRF1
3518,ZFAND6
3519,IL16
3520,GOLGA6L10
3521,RPS17
3522,CPEB1
3523,ADAMTSL3
3524,GOLGA6L4
3525,WDR73
3526,ZNF592
3527,ALPK3
3528,SLC28A1
3529,KLHL25
3530,ISG20
3531,ACAN
3532,MFGE8
3533,FANCI
3534,POLG
3535,TICRR
3536,KIF7
3537,ANPEP
3538,SEMA4B
3539,CIB1
3540,GABARAPL3
3541,IQGAP1
3542,BLM
3543,FES
3544,MAN2A2
3545,UNC45A
3546,RCCD1
3547,VPS33B
3548,C15orf32
3549,CHD2
3550,MCTP2
3551,IGF1R
3552,ADAMTS17
3553,CHSY1
3554,TARSL2
3555,RHBDF1
3556,ITFG3
3557,AXIN1
3558,NME4
3559,RAB11FIP3
3560,CAPN15
3561,WFIKKN1
3562,WDR90
3563,RHBDL1
3564,WDR24
3565,CCDC78
3566,MSLN
3567,CHTF18
3568,PRR25
3569,C1QTNF8
3570,CACNA1H
3571,BAIAP3
3572,TSR3
3573,CLCN7
3574,PTX4
3575,TELO2
3576,IFT140
3577,CRAMP1L
3578,MAPK8IP3
3579,MRPS34
3580,MEIOB
3581,ZNF598
3582,SLC9A3R2
3583,TSC2
3584,PKD1
3585,TRAF7
3586,MLST8
3587,E4F1
3588,CCNF
3589,C16orf59
3590,NTN3
3591,ATP6V0C
3592,AMDHD2
3593,SRRM2
3594,PRSS33
3595,IL32
3596,ZNF213
3597,CASP16
3598,MEFV
3599,NLRC3
3600,CREBBP
3601,ADCY9
3602,CDIP1
3603,MGRN1
3604,ZNF500
3605,GLYR1
3606,FAM86A
3607,RBFOX1
3608,TMEM114
3609,ABAT
3610,PMM2
3611,CARHSP1
3612,GRIN2A
3613,TEKT5
3614,TVP23A
3615,CIITA
3616,SOCS1
3617,PRM3
3618,RMI2
3619,SNN
3620,CPPED1
3621,PARN
3622,NOMO1
3623,PDXDC1
3624,NTAN1
3625,MYH11
3626,ABCC6
3627,NOMO3
3628,LOC102723692
3629,XYLT1
3630,LOC102723728
3631,NOMO2
3632,C16orf62
3633,GP2
3634,PDILT
3635,ACSM5
3636,ACSM2A
3637,ACSM1
3638,ERI2
3639,LOC81691
3640,DCUN1D3
3641,LYRM1
3642,DNAH3
3643,TMEM159
3644,ZP2
3645,NPIPB3
3646,OTOA
3647,VWA3A
3648,EEF2K
3649,SCNN1G
3650,SCNN1B
3651,COG7
3652,GGA2
3653,UBFD1
3654,ERN2
3655,CHP2
3656,TNRC6A
3657,SLC5A11
3658,ARHGAP17
3659,C16orf82
3660,KDM8
3661,IL21R-AS1
3662,IL21R
3663,GTF3C1
3664,XPO6
3665,NPIPB6
3666,APOBR
3667,CCDC101
3668,SULT1A2
3669,NPIPB8
3670,EIF3C
3671,NPIPB9
3672,ATXN2L
3673,ATP2A1
3674,RABEP2
3675,CD19
3676,MIR4517
3677,LAT
3678,SLX1B
3679,LOC388242
3680,C16orf54
3681,PAGR1
3682,CDIPT
3683,SEZ6L2
3684,TMEM219
3685,TAOK2
3686,ALDOA
3687,PPP4C
3688,TBX6
3689,YPEL3
3690,TBC1D10B
3691,SEPT1
3692,DCTPP1
3693,ZNF688
3694,ZNF689
3695,PRR14
3696,FBRS
3697,SRCAP
3698,PHKG2
3699,C16orf93
3700,RP11-1072A3.2
3701,BCL7C
3702,HSD3B7
3703,ZNF668
3704,ZNF646
3705,KAT8
3706,PRSS8
3707,PRSS36
3708,FUS
3709,ITGAM
3710,ITGAD
3711,SLC5A2
3712,C16orf58
3713,HERC2P4
3714,SHCBP1
3715,PHKB
3716,ABCC11
3717,LONP2
3718,ZNF423
3719,ADCY7
3720,NOD2
3721,SALL1
3722,RBL2
3723,AKTIP
3724,RPGRIP1L
3725,MMP2
3726,LPCAT2
3727,SLC6A2
3728,CES1
3729,CES5A
3730,GNAO1
3731,SLC12A3
3732,CETP
3733,NLRC5
3734,FAM192A
3735,PLLP
3736,CX3CL1
3737,POLR2C
3738,GPR114
3739,GPR56
3740,GPR97
3741,CCDC135
3742,KIFC3
3743,CNGB1
3744,TEPP
3745,MMP15
3746,NDRG4
3747,SETD6
3748,CNOT1
3749,DYNC1LI2
3750,PDP2
3751,CDH16
3752,CES3
3753,C16orf70
3754,NOL3
3755,KIAA0895L
3756,EXOC3L1
3757,ELMO3
3758,LRRC29
3759,FHOD1
3760,PLEKHG4
3761,KCTD19
3762,ZDHHC1
3763,ATP6V0D1
3764,RLTPR
3765,ENKD1
3766,RANBP10
3767,TSNAXIP1
3768,NUTF2
3769,EDC4
3770,NRN1L
3771,DPEP3
3772,NFATC3
3773,PLA2G15
3774,CDH3
3775,CDH1
3776,AARS
3777,DDX19B
3778,DDX19A
3779,FUK
3780,COG4
3781,SF3B3
3782,IL34
3783,VAC14
3784,HYDIN
3785,CALB2
3786,ZNF23
3787,ZNF19
3788,PHLPP2
3789,ATXN1L
3790,IST1
3791,TXNL4B
3792,PMFBP1
3793,NPIPB15
3794,CLEC18B
3795,MLKL
3796,WDR59
3797,CTRB1
3798,BCAR1
3799,CHST6
3800,CHST5
3801,GABARAPL2
3802,ADAMTS18
3803,NUDT7
3804,MAF
3805,ATMIN
3806,C16orf46
3807,PKD1L2
3808,PLCG2
3809,SDR42E1
3810,CDH13
3811,OSGIN1
3812,KCNG4
3813,TLDC1
3814,GSE1
3815,GINS2
3816,EMC8
3817,MTHFSD
3818,FOXL1
3819,ZNF469
3820,ZFPM1
3821,ZC3H18
3822,IL17C
3823,PIEZO1
3824,CDT1
3825,GALNS
3826,PABPN1L
3827,SLC22A31
3828,SPG7
3829,CPNE7
3830,SPATA2L
3831,VPS9D1
3832,SPIRE2
3833,TCF25
3834,DEF8
3835,DBNDD1
3836,PRDM7
3837,LOC101927999
3838,DOC2B
3839,C17orf97
3840,NXN
3841,TIMM22
3842,ABR
3843,MYO1C
3844,INPP5K
3845,SLC43A2
3846,SCARF1
3847,PRPF8
3848,HIC1
3849,SMG6
3850,TSR1
3851,CLUH
3852,LOC101928991
3853,RAP1GAP2
3854,TRPV3
3855,TRPV1
3856,CTNS
3857,GSG2
3858,ITGAE
3859,CAMKK1
3860,P2RX1
3861,ZZEF1
3862,PELP1
3863,ZMYND15
3864,SLC25A11
3865,RNF167
3866,ENO3
3867,RP5-1050D4.5
3868,INCA1
3869,KIF1C
3870,SLC52A1
3871,ZNF232
3872,USP6
3873,RPAIN
3874,NLRP1
3875,PITPNM3
3876,ALOX15P1
3877,ALOX12
3878,C17orf49
3879,MIR497HG
3880,DLG4
3881,PHF23
3882,GABARAP
3883,ELP5
3884,SLC2A4
3885,GPS2
3886,ACAP1
3887,TNK1
3888,POLR2A
3889,SHBG
3890,TP53
3891,DNAH2
3892,KDM6B
3893,NAA38
3894,CYB5D1
3895,CHD3
3896,KCNAB3
3897,CNTROB
3898,ALOX12B
3899,PER1
3900,AURKB
3901,CTC1
3902,PFAS
3903,ARHGEF15
3904,MYH10
3905,STX8
3906,WDR16
3907,GAS7
3908,MYH13
3909,MYH8
3910,MYH4
3911,MYH1
3912,MYH2
3913,MYH3
3914,SHISA6
3915,DNAH9
3916,COX10
3917,TVP23C
3918,TTC19
3919,NCOR1
3920,PIGL
3921,TRPV2
3922,CCDC144A
3923,KRT16P2
3924,LOC102724543
3925,FLCN
3926,COPS3
3927,NT5M
3928,RAI1
3929,SREBF1
3930,TOM1L2
3931,GID4
3932,DRG2
3933,MYO15A
3934,LLGL1
3935,FLII
3936,TOP3A
3937,LOC101928729
3938,LGALS9C
3939,CCDC144B
3940,SLC5A10
3941,MFAP4
3942,AKAP10
3943,SPECC1
3944,CCDC144CP
3945,LGALS9B
3946,KRT16P3
3947,USP22
3948,DHRS7B
3949,MAP2K3
3950,KCNJ12
3951,KCNJ18
3952,LGALS9
3953,NOS2
3954,NLK
3955,TNFAIP1
3956,POLDIP2
3957,SLC13A2
3958,SPAG5
3959,KIAA0100
3960,SUPT6H
3961,PROCA1
3962,RAB34
3963,TLCD1
3964,DHRS13
3965,PHF12
3966,SEZ6
3967,MYO18A
3968,CRYBA1
3969,NUFIP2
3970,TP53I13
3971,GIT1
3972,ANKRD13B
3973,EFCAB5
3974,GOSR1
3975,NF1
3976,RAB11FIP4
3977,UTP6
3978,C17orf75
3979,MYO1D
3980,SPACA3
3981,TMEM132E
3982,LIG3
3983,RFFL
3984,NLE1
3985,SLFN5
3986,AP2B1
3987,GAS2L2
3988,CCL5
3989,TBC1D3B
3990,CCL3L3
3991,TBC1D3H
3992,TBC1D3F
3993,MYO19
3994,TADA2A
3995,LOC102723595
3996,LOC101060351
3997,LOC102723732
3998,LOC102723836
3999,TBC1D3C
4000,LOC102723851
4001,TBC1D3
4002,LOC102723943
4003,MRPL45
4004,GPR179
4005,ARHGAP23
4006,SRCIN1
4007,MLLT6
4008,LASP1
4009,RPL19
4010,GRB7
4011,IKZF3
4012,THRA
4013,MSL1
4014,RAPGEFL1
4015,CDC6
4016,RARA
4017,TOP2A
4018,SMARCE1
4019,KRT26
4020,KRTAP4-6
4021,KRTAP4-2
4022,KRTAP9-2
4023,KRT35
4024,KRT36
4025,KRT13
4026,KRT17
4027,JUP
4028,FKBP10
4029,DNAJC7
4030,ZNF385C
4031,DHX58
4032,KAT2A
4033,RAB5C
4034,KCNH4
4035,HCRT
4036,GHDC
4037,STAT5B
4038,ATP6V0A1
4039,HSD17B1
4040,COASY
4041,FAM134C
4042,TUBG1
4043,TUBG2
4044,PLEKHH3
4045,CCR10
4046,CNTNAP1
4047,VPS25
4048,WNK4
4049,BECN1
4050,AOC3
4051,RUNDC1
4052,IFI35
4053,RND2
4054,BRCA1
4055,TMEM106A
4056,DHX8
4057,ETV4
4058,C17orf105
4059,CD300LG
4060,NAGS
4061,HDAC5
4062,ASB16
4063,TMUB2
4064,ATXN7L3
4065,SLC4A1
4066,ITGA2B
4067,C17orf104
4068,EFTUD2
4069,CCDC103
4070,GFAP
4071,KIF18B
4072,PLCD3
4073,HEXIM2
4074,PLEKHM1
4075,LOC102724345
4076,LOC644172
4077,CRHR1
4078,SPPL2C
4079,MAPT
4080,ARL17A
4081,WNT9B
4082,GOSR2
4083,MRPL45P2
4084,TBKBP1
4085,OSBPL7
4086,SP6
4087,LOC101060400
4088,HOXB13
4089,ATP5G1
4090,UBE2Z
4091,SNF8
4092,B4GALNT2
4093,PHOSPHO1
4094,ZNF652
4095,DLX3
4096,ITGA3
4097,COL1A1
4098,XYLT2
4099,EME1
4100,ACSF2
4101,MYCBPAP
4102,EPN3
4103,CACNA1G
4104,ABCC3
4105,C17orf112
4106,KIF2B
4107,COX11
4108,COIL
4109,SCPEP1
4110,MSI2
4111,SRSF1
4112,EPX
4113,LPO
4114,BZRAP1
4115,RNF43
4116,SEPT4
4117,RP11-112H10.4
4118,PPM1E
4119,CLTC
4120,TUBD1
4121,TBC1D3P1-DHX40P1
4122,TBX2
4123,TBX4
4124,TBC1D3P2
4125,METTL2A
4126,MRC2
4127,ACE
4128,KCNH6
4129,STRADA
4130,PSMC5
4131,SMARCD2
4132,CD79B
4133,PECAM1
4134,CEP95
4135,PLEKHM1P
4136,RGS9
4137,AXIN2
4138,CEP112
4139,PRKCA
4140,BPTF
4141,LINC00674
4142,ABCA9
4143,ABCA6
4144,ABCA10
4145,MAP2K6
4146,SLC39A11
4147,SSTR2
4148,C17orf80
4149,SDK2
4150,KIF19
4151,GPR142
4152,LOC100130520
4153,SLC9A3R1
4154,NAT9
4155,OTOP3
4156,SLC16A5
4157,NT5C
4158,HN1
4159,MRPS7
4160,MIF4GD
4161,GRB2
4162,TSEN54
4163,SMIM5
4164,RECQL5
4165,ITGB4
4166,UNK
4167,UNC13D
4168,FOXJ1
4169,RNF157
4170,QRICH2
4171,AANAT
4172,MGAT5B
4173,TNRC6C
4174,TMC6
4175,SYNGR2
4176,TK1
4177,TMEM235
4178,DNAH17-AS1
4179,USP36
4180,LOC100653515
4181,LGALS3BP
4182,C1QTNF1
4183,ENGASE
4184,RBFOX3
4185,CCDC40
4186,GAA
4187,CARD14
4188,SGSH
4189,SLC26A11
4190,RNF213
4191,ENDOV
4192,RPTOR
4193,BAIAP2
4194,AATK
4195,AZI1
4196,ENTHD2
4197,SLC38A10
4198,BAHCC1
4199,C17orf70
4200,TSPAN10
4201,HGS
4202,SLC25A10
4203,GCGR
4204,ARHGDIA
4205,ASPSCR1
4206,LRRC45
4207,DUS1L
4208,FASN
4209,CSNK1D
4210,SECTM1
4211,TEX19
4212,OGFOD3
4213,LOC102723820
4214,FN3KRP
4215,ZNF750
4216,ADCYAP1
4217,EMILIN2
4218,DLGAP1
4219,EPB41L3
4220,LOC101927188
4221,LAMA1
4222,PTPRM
4223,SOGA2
4224,RALBP1
4225,PPP4R1
4226,APCDD1
4227,PIEZO2
4228,ANKRD62
4229,TUBB6
4230,SPIRE1
4231,CEP192
4232,MC2R
4233,GREB1L
4234,ABHD3
4235,GATA6
4236,RBBP8
4237,LAMA3
4238,TTC39C
4239,CABYR
4240,DSC1
4241,DSG4
4242,B4GALT6
4243,TRAPPC8
4244,ASXL3
4245,ZNF397
4246,ZNF24
4247,SLC39A6
4248,ELP2
4249,MOCOS
4250,FHOD3
4251,CELF4
4252,PIK3C3
4253,SETBP1
4254,SLC14A2
4255,SLC14A1
4256,SIGLEC15
4257,EPG5
4258,LOXHD1
4259,PIAS2
4260,MYO5B
4261,MBD1
4262,SMAD4
4263,DCC
4264,WDR7
4265,SEC11C
4266,CDH20
4267,KIAA1468
4268,TNFRSF11A
4269,CCDC102B
4270,RTTN
4271,FAM69C
4272,ZNF516
4273,LOC101927989
4274,ZNF236
4275,MBP
4276,GALR1
4277,KCNG2
4278,ADNP2
4279,PPAP2C
4280,FSTL3
4281,PTBP1
4282,ELANE
4283,MED16
4284,GRIN3B
4285,ABCA7
4286,HMHA1
4287,POLR2E
4288,SBNO2
4289,MIDN
4290,CIRBP
4291,NDUFS7
4292,DAZAP1
4293,RPS15
4294,APC2
4295,PCSK4
4296,PLK5
4297,UQCR11
4298,TCF3
4299,ONECUT3
4300,ATP8B3
4301,AP3D1
4302,DOT1L
4303,TMPRSS9
4304,LMNB2
4305,THOP1
4306,TLE6
4307,NFIC
4308,FZR1
4309,GIPC3
4310,TJP3
4311,MATK
4312,ATCAY
4313,EEF2
4314,MAP2K2
4315,CREB3L3
4316,CCDC94
4317,STAP2
4318,MPND
4319,SH3GL1
4320,UBXN6
4321,HDGFRP2
4322,PLIN5
4323,TICAM1
4324,UHRF1
4325,KDM4B
4326,PTPRS
4327,SAFB
4328,LONP1
4329,FUT6
4330,FUT5
4331,RFX2
4332,MLLT1
4333,SLC25A41
4334,SLC25A23
4335,CD70
4336,C3
4337,SH2D3A
4338,VAV1
4339,ARHGEF18
4340,ZNF358
4341,PNPLA6
4342,CAMSAP3
4343,STXBP2
4344,FCER2
4345,FLJ22184
4346,TIMM44
4347,FBN3
4348,MARCH2
4349,ADAMTS10
4350,OR2Z1
4351,MUC16
4352,ZNF317
4353,ZNF561
4354,PIN1
4355,OLFM2
4356,COL5A3
4357,ANGPTL6
4358,DNMT1
4359,S1PR2
4360,MRPL4
4361,ZGLP1
4362,RAVER1
4363,TYK2
4364,CDC37
4365,PDE4A
4366,ATG4D
4367,ILF3
4368,QTRT1
4369,DNM2
4370,TMED1
4371,C19orf38
4372,SPC24
4373,KANK2
4374,TMEM205
4375,LPPR2
4376,EPOR
4377,RGL3
4378,PRKCSH
4379,CNN1
4380,ZNF439
4381,ZNF844
4382,ZNF136
4383,ZNF490
4384,WDR83OS
4385,WDR83
4386,BEST2
4387,MAST1
4388,CALR
4389,DAND5
4390,NFIX
4391,CACNA1A
4392,CCDC130
4393,C19orf57
4394,CC2D1A
4395,PODNL1
4396,IL27RA
4397,PALM3
4398,C19orf67
4399,LPHN1
4400,PKN1
4401,EMR2
4402,OR7C2
4403,CCDC105
4404,OR1I1
4405,NOTCH3
4406,AKAP8
4407,WIZ
4408,RASAL3
4409,PGLYRP2
4410,CYP4F12
4411,CYP4F24P
4412,CYP4F2
4413,LOC101929300
4414,HSH2D
4415,AP1M1
4416,EPS15L1
4417,CHERP
4418,SLC35E1
4419,SIN3B
4420,CPAMD8
4421,MYO9B
4422,USHBP1
4423,BABAM1
4424,BST2
4425,MVB12A
4426,FAM129C
4427,MAP1S
4428,JAK3
4429,SLC5A5
4430,MAST3
4431,MPV17L2
4432,KIAA1683
4433,ISYNA1
4434,ELL
4435,FKBP8
4436,KLHL26
4437,CRTC1
4438,COMP
4439,SUGP2
4440,ARMC6
4441,TMEM161A
4442,RFXANK
4443,NCAN
4444,TM6SF2
4445,SUGP1
4446,MAU2
4447,GATAD2A
4448,YJEFN3
4449,CILP2
4450,PBX4
4451,GMIP
4452,ATP13A1
4453,ZNF14
4454,ZNF737
4455,ZNF708
4456,ZNF728
4457,ZNF536
4458,ANKRD27
4459,NUDT19
4460,SLC7A9
4461,CEP89
4462,WDR88
4463,LRP3
4464,SLC7A10
4465,LSM14A
4466,KIAA0355
4467,GPI
4468,SCN1B
4469,FXYD3
4470,FXYD5
4471,FAM187B
4472,MAG
4473,KRTDAP
4474,DMKN
4475,HAUS5
4476,KMT2B
4477,C19orf55
4478,NPHS1
4479,KIRREL2
4480,LRFN3
4481,SYNE4
4482,CLIP3
4483,WDR62
4484,CAPNS1
4485,ZNF568
4486,WDR87
4487,RYR1
4488,MAP4K1
4489,ACTN4
4490,CAPN12
4491,HNRNPL
4492,RINL
4493,SIRT2
4494,CCER2
4495,SARS2
4496,MRPS12
4497,LRFN1
4498,GMFG
4499,SAMD4B
4500,PAF1
4501,PLEKHG2
4502,SUPT5H
4503,TIMM50
4504,DLL3
4505,FBL
4506,FCGBP
4507,PSMC4
4508,MAP3K10
4509,PLD3
4510,HIPK4
4511,PRX
4512,SERTAD3
4513,SPTBN4
4514,LTBP4
4515,ITPKC
4516,SNRPA
4517,CYP2B6
4518,AXL
4519,CCDC97
4520,TGFB1
4521,EXOSC5
4522,BCKDHA
4523,ATP5SL
4524,ARHGEF1
4525,ATP1A3
4526,GRIK5
4527,POU2F2
4528,CIC
4529,MEGF8
4530,CNFN
4531,PSG8
4532,PSG11
4533,PSG9
4534,XRCC1
4535,PLAUR
4536,SMG9
4537,ZNF112
4538,CEACAM19
4539,BCL3
4540,BCAM
4541,GEMIN7
4542,PPP1R37
4543,TRAPPC6A
4544,CD3EAP
4545,ERCC1
4546,PPM1N
4547,VASP
4548,OPA3
4549,GIPR
4550,FBXO46
4551,DMPK
4552,DMWD
4553,SYMPK
4554,IRF2BP1
4555,HIF3A
4556,CCDC8
4557,PPP5D1
4558,ARHGAP35
4559,NAPA
4560,ZNF541
4561,EHD2
4562,TPRX1
4563,CRX
4564,LIG1
4565,CCDC114
4566,GRIN2D
4567,LMTK3
4568,FAM83E
4569,RPL18
4570,SPHK2
4571,DBP
4572,CA11
4573,NTN5
4574,PPP1R15A
4575,BAX
4576,FTL
4577,GYS1
4578,RUVBL2
4579,LOC101059948
4580,CGB7
4581,KCNA7
4582,PPFIA3
4583,TRPM4
4584,SLC6A16
4585,SLC17A7
4586,RPS11
4587,PRRG2
4588,RRAS
4589,SCAF1
4590,CPT1C
4591,TSKS
4592,MED25
4593,AKT1S1
4594,TBC1D17
4595,ATF5
4596,VRK3
4597,LOC100287477
4598,MYH14
4599,POLD1
4600,SHANK1
4601,C19orf48
4602,KLK2
4603,KLK5
4604,KLK9
4605,KLK10
4606,SIGLEC9
4607,IGLON5
4608,SIGLEC10
4609,SIGLEC5
4610,SIGLEC14
4611,SPACA6P
4612,HAS1
4613,ZNF350
4614,ZNF615
4615,ERVV-1
4616,ERVV-2
4617,PRKCG
4618,CACNG7
4619,OSCAR
4620,CNOT3
4621,TMC4
4622,MBOAT7
4623,LILRB3
4624,LILRA6
4625,LILRA5
4626,LAIR1
4627,LENG8
4628,LAIR2
4629,LILRB4
4630,KIR2DL3
4631,KIR2DL1
4632,KIR2DL4
4633,KIR3DL1
4634,KIR3DL2
4635,NLRP2
4636,EPS8L1
4637,TNNT1
4638,LOC101930593
4639,DNAAF3
4640,TMEM86B
4641,PPP6R1
4642,HSPBP1
4643,BRSK1
4644,SUV420H2
4645,IL11
4646,UBE2S
4647,ISOC2
4648,SBK2
4649,ZNF524
4650,ZNF581
4651,CCDC106
4652,EPN1
4653,NLRP11
4654,NLRP5
4655,ZNF471
4656,ZFP28
4657,ZNF460
4658,ZNF304
4659,ZNF772
4660,ZNF419
4661,ZNF773
4662,ZNF416
4663,ZIK1
4664,ZNF530
4665,ZNF551
4666,ZNF671
4667,ZNF587B
4668,ZNF814
4669,ZSCAN1
4670,ZNF8
4671,A1BG
4672,ZNF584
4673,CHMP2A
4674,UBE2M
4675,NRSN2
4676,RBCK1
4677,TBC1D20
4678,CSNK2A1
4679,PSMF1
4680,NSFL1C
4681,STK35
4682,TGM6
4683,ZNF343
4684,TMC2
4685,NOP56
4686,EBF4
4687,VPS16
4688,PTPRA
4689,LZTS3
4690,DDRGK1
4691,ATRN
4692,ADAM33
4693,CDC25B
4694,SMOX
4695,RASSF2
4696,PROKR2
4697,C20orf196
4698,TRMT6
4699,HAO1
4700,PLCB1
4701,MIR6870
4702,ISM1
4703,BFSP1
4704,BANF2
4705,CSRP2BP
4706,DZANK1
4707,RBBP9
4708,C20orf26
4709,NKX2-4
4710,CST9
4711,CST4
4712,CST5
4713,SYNDIG1
4714,APMAP
4715,ABHD12
4716,ZNF337
4717,DEFB115
4718,REM1
4719,ID1
4720,TPX2
4721,MYLK2
4722,XKR7
4723,PLAGL2
4724,KIF3B
4725,LOC100996873
4726,ASXL1
4727,C20orf112
4728,MAPRE1
4729,LOC101928282
4730,BPIFB4
4731,BPIFA1
4732,BPIFB1
4733,CBFA2T2
4734,NECAB3
4735,E2F1
4736,ZNF341
4737,MAP1LC3A
4738,PIGU
4739,TP53INP2
4740,NCOA6
4741,GGT7
4742,ACSS2
4743,GSS
4744,MYH7B
4745,CEP250
4746,ERGIC3
4747,CPNE1
4748,CNBD2
4749,EPB41L1
4750,SLA2
4751,NDRG3
4752,SOGA1
4753,SAMHD1
4754,MROH8
4755,RPN2
4756,SRC
4757,LBP
4758,RALGAPB
4759,ARHGAP40
4760,PPP1R16B
4761,TOP1
4762,PLCG1
4763,LPIN3
4764,EMILIN3
4765,CHD6
4766,PTPRT
4767,PKIG
4768,ADA
4769,WISP2
4770,TOMM34
4771,WFDC5
4772,SYS1
4773,WFDC6
4774,WFDC13
4775,SNX21
4776,ACOT8
4777,NEURL2
4778,CTSA
4779,PLTP
4780,PCIF1
4781,ZNF335
4782,SLC12A5
4783,NCOA5
4784,CD40
4785,OCSTAMP
4786,TP53RK
4787,SLC2A10
4788,EYA2
4789,ZMYND8
4790,NCOA3
4791,SULF2
4792,PREX1
4793,ARFGEF2
4794,STAU1
4795,DDX27
4796,ZNFX1
4797,B4GALT5
4798,SPATA2
4799,RNF114
4800,UBE2V1
4801,FAM65C
4802,BCAS4
4803,ZFP64
4804,TSHZ2
4805,CYP24A1
4806,AURKA
4807,FAM209A
4808,CTCFL
4809,ZBP1
4810,GNAS
4811,NELFCD
4812,ZNF831
4813,PHACTR3
4814,PPP1R3D
4815,CDH26
4816,SS18L1
4817,ADRM1
4818,LAMA5
4819,CABLES2
4820,RBBP8NL
4821,C20orf166
4822,SLCO4A1
4823,MRGBP
4824,COL9A3
4825,DIDO1
4826,SLC17A9
4827,BIRC7
4828,COL20A1
4829,EEF1A2
4830,PTK6
4831,HELZ2
4832,STMN3
4833,ZGPAT
4834,ZNF512B
4835,PRPF6
4836,SOX18
4837,MYT1
4838,LOC102724428
4839,LOC102724594
4840,NRIP1
4841,APP
4842,LTN1
4843,RWDD2B
4844,BACH1
4845,KRTAP22-1
4846,SOD1
4847,URB1
4848,PAXBP1-AS1
4849,IL10RB
4850,IFNGR2
4851,GART
4852,SLC5A3
4853,RCAN1
4854,RUNX1
4855,RUNX1-IT1
4856,CBR3
4857,MORC3
4858,CHAF1B
4859,SIM2
4860,HLCS
4861,LCA5L
4862,DSCAM
4863,TMPRSS2
4864,UMODL1
4865,UBASH3A
4866,PDE9A
4867,WDR4
4868,NDUFV3
4869,PKNOX1
4870,U2AF1
4871,SIK1
4872,RRP1B
4873,RRP1
4874,AGPAT3
4875,DNMT3L
4876,TRPM2
4877,KRTAP10-1
4878,KRTAP10-3
4879,KRTAP10-7
4880,KRTAP10-9
4881,KRTAP10-12
4882,FAM207A
4883,ADARB1
4884,COL18A1
4885,PCBP3
4886,COL6A2
4887,FTCD
4888,C21orf58
4889,PCNT
4890,DIP2A
4891,PRMT2
4892,POTEH
4893,ANKRD62P1-PARP4P3
4894,CECR5
4895,CECR2
4896,AC004019.13
4897,SLC25A18
4898,BID
4899,MICAL3
4900,TUBA8
4901,PI4KAP1
4902,RIMBP3
4903,DGCR6
4904,TSSK2
4905,DGCR14
4906,SLC25A1
4907,CLTCL1
4908,HIRA
4909,CLDN5
4910,TXNRD2
4911,COMT
4912,TANGO2
4913,LOC388849
4914,DGCR6L
4915,SCARF2
4916,KLHL22
4917,MED15
4918,PI4KA
4919,AIFM3
4920,LZTR1
4921,THAP7
4922,SLC7A4
4923,P2RX6P
4924,LOC400891
4925,GGT2
4926,PI4KAP2
4927,TOP3B
4928,ZNF280A
4929,IGLL5
4930,LOC102724695
4931,ZDHHC8P1
4932,IGLL1
4933,GUSBP11
4934,ZNF70
4935,SLC2A11
4936,GSTTP1
4937,CABIN1
4938,SUSD2
4939,GGT5
4940,UPB1
4941,GUCD1
4942,SNRPD3
4943,FAM211B
4944,BCRP3
4945,KIAA1671
4946,MYO18B
4947,SEZ6L
4948,CRYBB1
4949,LOC284898
4950,LOC100507657
4951,HSCB
4952,XBP1
4953,EMID1
4954,RHBDD3
4955,GAS2L1
4956,AP1B1
4957,NEFH
4958,THOC5
4959,NF2
4960,UQCR10
4961,ASCC2
4962,HORMAD2
4963,KIAA1656
4964,CCDC157
4965,RNF215
4966,PES1
4967,OSBP2
4968,MORC2
4969,SMTN
4970,SELM
4971,INPP5J
4972,PLA2G3
4973,RNF185
4974,LIMK2
4975,PATZ1
4976,SFI1
4977,PRR14L
4978,SLC5A1
4979,C22orf42
4980,SLC5A4
4981,LARGE
4982,TOM1
4983,MCM5
4984,MYH9
4985,FOXRED2
4986,CSF2RB
4987,KCTD17
4988,TMPRSS6
4989,IL2RB
4990,CYTH4
4991,LGALS2
4992,GGA1
4993,PDXP
4994,TRIOBP
4995,ANKRD54
4996,SOX10
4997,LOC101927119
4998,BAIAP2L2
4999,PLA2G6
5000,DDX17
5001,CBX6
5002,APOBEC3B
5003,APOBEC3D
5004,APOBEC3F
5005,PDGFB
5006,MIEF1
5007,RPS19BP1
5008,CACNA1I
5009,FAM83F
5010,TNRC6B
5011,EP300
5012,L3MBTL2
5013,ACO2
5014,POLR3H
5015,DESI1
5016,SREBF2
5017,CENPM
5018,SEPT3
5019,TCF20
5020,LOC101927372
5021,PACSIN2
5022,SCUBE1
5023,EFCAB6
5024,PNPLA5
5025,PNPLA3
5026,KIAA1644
5027,PRR5
5028,NUP50
5029,KIAA0930
5030,UPK3A
5031,WNT7B
5032,C22orf26
5033,GTSE1
5034,TRMU
5035,CELSR1
5036,GRAMD4
5037,TBC1D22A
5038,BRD1
5039,ZBED4
5040,MLC1
5041,TUBGCP6
5042,HDAC10
5043,MAPK12
5044,PLXNB2
5045,DENND6B
5046,PPP6R2
5047,SBF1
5048,MIOX
5049,LMF2
5050,NCAPH2
5051,SHANK3
5052,RABL2B
5053,GTPBP6
5054,IL3RA
5055,ASMTL
5056,AKAP17A
5057,ZBED1
5058,XG
5059,STS
5060,SHROOM2
5061,WWC3
5062,MID1
5063,BMX
5064,ZRSR2
5065,REPS2
5066,NHS
5067,SCML2
5068,CDKL5
5069,RS1
5070,PPEF1
5071,SH3KBP1
5072,RPS6KA3
5073,CNKSR2
5074,KLHL34
5075,PHEX
5076,SUPT20HL1
5077,SMEK3P
5078,DMD
5079,CXorf22
5080,CHDC2
5081,XK
5082,OTC
5083,BCOR
5084,MPC1L
5085,USP9X
5086,MAOA
5087,MAOB
5088,EFHC2
5089,USP11
5090,ARAF
5091,SYN1
5092,ELK1
5093,SLC38A5
5094,EBP
5095,TBC1D25
5096,SUV39H1
5097,HDAC6
5098,OTUD5
5099,GRIPAP1
5100,TFE3
5101,WDR45
5102,GPKOW
5103,PRICKLE3
5104,CCDC22
5105,GAGE2A
5106,USP27X
5107,CLCN5
5108,DGKK
5109,SHROOM4
5110,CENPVP2
5111,GSPT2
5112,MAGED4B
5113,MAGED4
5114,SPANXN5
5115,FAM156B
5116,TSPYL2
5117,KDM5C
5118,IQSEC2
5119,SMC1A
5120,HUWE1
5121,PHF8
5122,FGD1
5123,GNL3L
5124,ITIH6
5125,MAGED2
5126,TRO
5127,PFKFB1
5128,APEX2
5129,USP51
5130,AMER1
5131,MTMR8
5132,LAS1L
5133,VSIG4
5134,HEPH
5135,OPHN1
5136,STARD8
5137,EFNB1
5138,FAM155B
5139,KIF4A
5140,DLG3
5141,SLC7A3
5142,FOXO4
5143,MED12
5144,NLGN3
5145,ZMYM3
5146,ACRC
5147,CXCR3
5148,NHSL2
5149,ERCC6L
5150,CITED1
5151,PHKA1
5152,PABPC1L2B
5153,SLC16A2
5154,ABCB7
5155,MAGEE2
5156,FGF16
5157,GPR174
5158,CYLC1
5159,PCDH11X
5160,PCDH19
5161,SRPX2
5162,SYTL4
5163,CSTF2
5164,NOX1
5165,BTK
5166,ARMCX4
5167,ZMAT1
5168,NXF4
5169,ARMCX5
5170,GPRASP1
5171,BHLHB9
5172,NXF3
5173,BEX4
5174,GLRA4
5175,H2BFM
5176,SLC25A53
5177,RIPPLY1
5178,FRMPD3
5179,COL4A6
5180,COL4A5
5181,RGAG1
5182,ALG13
5183,TRPC5OS
5184,ZCCHC16
5185,RBMXL3
5186,LUZP4
5187,AGTR2
5188,WDR44
5189,DOCK11
5190,RP5-1139I1.1
5191,SLC25A43
5192,SLC25A5-AS1
5193,ZBTB33
5194,CT47B1
5195,CT47A7
5196,CT47A2
5197,CT47A1
5198,THOC2
5199,TENM1
5200,UTP14A
5201,BCORL1
5202,ELF4
5203,SLC25A14
5204,GPR119
5205,IGSF1
5206,FRMD7
5207,MBNL3
5208,HS6ST2
5209,USP26
5210,SMIM10
5211,FAM127C
5212,ZNF75D
5213,LINC00086
5214,MMGT1
5215,MAP7D3
5216,GPR112
5217,ZIC3
5218,SPANXN4
5219,SPANXN3
5220,SPANXN2
5221,SPANXN1
5222,CXorf51B
5223,CXorf51A
5224,AFF2
5225,MAGEA11
5226,MAMLD1
5227,GPR50
5228,CNGA2
5229,GABRE
5230,GABRQ
5231,MAGEA3
5232,CSAG1
5233,MAGEA2
5234,ZNF185
5235,PNMA6A
5236,MAGEA1
5237,HAUS7
5238,PNCK
5239,SSR4
5240,ARHGAP4
5241,HCFC1
5242,IRAK1
5243,OPN1LW
5244,TEX28
5245,TKTL1
5246,FLNA
5247,TAZ
5248,GDI1
5249,FAM3A
5250,G6PD
5251,IKBKG
5252,GAB3
5253,MPP1
5254,RAB39B
5255,IL9R
5256,PCDH11Y
5257,KDM5D
5258,PRY2
5259,PRY
5260,CDY1B
5261,TRNV
5262,RNR2
5263,TRNR
5264,LOC102724250
5265,LOC102723771
5266,LOC102724770
5267,RNA45S5
